--
-- PostgreSQL database dump
--

-- Dumped from database version 17.2
-- Dumped by pg_dump version 17.2

SET statement_timeout = 0;
SET lock_timeout = 0;
SET idle_in_transaction_session_timeout = 0;
SET transaction_timeout = 0;
SET client_encoding = 'UTF8';
SET standard_conforming_strings = on;
SELECT pg_catalog.set_config('search_path', '', false);
SET check_function_bodies = false;
SET xmloption = content;
SET client_min_messages = warning;
SET row_security = off;

SET default_tablespace = '';

SET default_table_access_method = heap;

--
-- Name: auth_group; Type: TABLE; Schema: public; Owner: postgres
--

CREATE TABLE public.auth_group (
    id integer NOT NULL,
    name character varying(150) NOT NULL
);


ALTER TABLE public.auth_group OWNER TO postgres;

--
-- Name: auth_group_id_seq; Type: SEQUENCE; Schema: public; Owner: postgres
--

ALTER TABLE public.auth_group ALTER COLUMN id ADD GENERATED BY DEFAULT AS IDENTITY (
    SEQUENCE NAME public.auth_group_id_seq
    START WITH 1
    INCREMENT BY 1
    NO MINVALUE
    NO MAXVALUE
    CACHE 1
);


--
-- Name: auth_group_permissions; Type: TABLE; Schema: public; Owner: postgres
--

CREATE TABLE public.auth_group_permissions (
    id bigint NOT NULL,
    group_id integer NOT NULL,
    permission_id integer NOT NULL
);


ALTER TABLE public.auth_group_permissions OWNER TO postgres;

--
-- Name: auth_group_permissions_id_seq; Type: SEQUENCE; Schema: public; Owner: postgres
--

ALTER TABLE public.auth_group_permissions ALTER COLUMN id ADD GENERATED BY DEFAULT AS IDENTITY (
    SEQUENCE NAME public.auth_group_permissions_id_seq
    START WITH 1
    INCREMENT BY 1
    NO MINVALUE
    NO MAXVALUE
    CACHE 1
);


--
-- Name: auth_permission; Type: TABLE; Schema: public; Owner: postgres
--

CREATE TABLE public.auth_permission (
    id integer NOT NULL,
    name character varying(255) NOT NULL,
    content_type_id integer NOT NULL,
    codename character varying(100) NOT NULL
);


ALTER TABLE public.auth_permission OWNER TO postgres;

--
-- Name: auth_permission_id_seq; Type: SEQUENCE; Schema: public; Owner: postgres
--

ALTER TABLE public.auth_permission ALTER COLUMN id ADD GENERATED BY DEFAULT AS IDENTITY (
    SEQUENCE NAME public.auth_permission_id_seq
    START WITH 1
    INCREMENT BY 1
    NO MINVALUE
    NO MAXVALUE
    CACHE 1
);


--
-- Name: authtoken_token; Type: TABLE; Schema: public; Owner: postgres
--

CREATE TABLE public.authtoken_token (
    key character varying(40) NOT NULL,
    created timestamp with time zone NOT NULL,
    user_id bigint NOT NULL
);


ALTER TABLE public.authtoken_token OWNER TO postgres;

--
-- Name: django_admin_log; Type: TABLE; Schema: public; Owner: postgres
--

CREATE TABLE public.django_admin_log (
    id integer NOT NULL,
    action_time timestamp with time zone NOT NULL,
    object_id text,
    object_repr character varying(200) NOT NULL,
    action_flag smallint NOT NULL,
    change_message text NOT NULL,
    content_type_id integer,
    user_id bigint NOT NULL,
    CONSTRAINT django_admin_log_action_flag_check CHECK ((action_flag >= 0))
);


ALTER TABLE public.django_admin_log OWNER TO postgres;

--
-- Name: django_admin_log_id_seq; Type: SEQUENCE; Schema: public; Owner: postgres
--

ALTER TABLE public.django_admin_log ALTER COLUMN id ADD GENERATED BY DEFAULT AS IDENTITY (
    SEQUENCE NAME public.django_admin_log_id_seq
    START WITH 1
    INCREMENT BY 1
    NO MINVALUE
    NO MAXVALUE
    CACHE 1
);


--
-- Name: django_content_type; Type: TABLE; Schema: public; Owner: postgres
--

CREATE TABLE public.django_content_type (
    id integer NOT NULL,
    app_label character varying(100) NOT NULL,
    model character varying(100) NOT NULL
);


ALTER TABLE public.django_content_type OWNER TO postgres;

--
-- Name: django_content_type_id_seq; Type: SEQUENCE; Schema: public; Owner: postgres
--

ALTER TABLE public.django_content_type ALTER COLUMN id ADD GENERATED BY DEFAULT AS IDENTITY (
    SEQUENCE NAME public.django_content_type_id_seq
    START WITH 1
    INCREMENT BY 1
    NO MINVALUE
    NO MAXVALUE
    CACHE 1
);


--
-- Name: django_migrations; Type: TABLE; Schema: public; Owner: postgres
--

CREATE TABLE public.django_migrations (
    id bigint NOT NULL,
    app character varying(255) NOT NULL,
    name character varying(255) NOT NULL,
    applied timestamp with time zone NOT NULL
);


ALTER TABLE public.django_migrations OWNER TO postgres;

--
-- Name: django_migrations_id_seq; Type: SEQUENCE; Schema: public; Owner: postgres
--

ALTER TABLE public.django_migrations ALTER COLUMN id ADD GENERATED BY DEFAULT AS IDENTITY (
    SEQUENCE NAME public.django_migrations_id_seq
    START WITH 1
    INCREMENT BY 1
    NO MINVALUE
    NO MAXVALUE
    CACHE 1
);


--
-- Name: django_session; Type: TABLE; Schema: public; Owner: postgres
--

CREATE TABLE public.django_session (
    session_key character varying(40) NOT NULL,
    session_data text NOT NULL,
    expire_date timestamp with time zone NOT NULL
);


ALTER TABLE public.django_session OWNER TO postgres;

--
-- Name: weather_currentweather; Type: TABLE; Schema: public; Owner: postgres
--

CREATE TABLE public.weather_currentweather (
    id bigint NOT NULL,
    temperature numeric(5,2) NOT NULL,
    humidity numeric(5,2) NOT NULL,
    wind_speed numeric(5,2) NOT NULL,
    pressure numeric(10,2) NOT NULL,
    weather_condition character varying(255) NOT NULL,
    icon_url character varying(255) NOT NULL,
    "timestamp" timestamp with time zone NOT NULL,
    updated_at timestamp with time zone NOT NULL,
    location_id bigint NOT NULL
);


ALTER TABLE public.weather_currentweather OWNER TO postgres;

--
-- Name: weather_currentweather_id_seq; Type: SEQUENCE; Schema: public; Owner: postgres
--

ALTER TABLE public.weather_currentweather ALTER COLUMN id ADD GENERATED BY DEFAULT AS IDENTITY (
    SEQUENCE NAME public.weather_currentweather_id_seq
    START WITH 1
    INCREMENT BY 1
    NO MINVALUE
    NO MAXVALUE
    CACHE 1
);


--
-- Name: weather_forecast; Type: TABLE; Schema: public; Owner: postgres
--

CREATE TABLE public.weather_forecast (
    id bigint NOT NULL,
    forecast_type character varying(20) NOT NULL,
    forecast_time timestamp with time zone NOT NULL,
    high_temperature numeric(5,2) NOT NULL,
    low_temperature numeric(5,2) NOT NULL,
    rain_probability numeric(5,2) NOT NULL,
    uv_index numeric(5,2) NOT NULL,
    location_id bigint NOT NULL
);


ALTER TABLE public.weather_forecast OWNER TO postgres;

--
-- Name: weather_forecast_id_seq; Type: SEQUENCE; Schema: public; Owner: postgres
--

ALTER TABLE public.weather_forecast ALTER COLUMN id ADD GENERATED BY DEFAULT AS IDENTITY (
    SEQUENCE NAME public.weather_forecast_id_seq
    START WITH 1
    INCREMENT BY 1
    NO MINVALUE
    NO MAXVALUE
    CACHE 1
);


--
-- Name: weather_location; Type: TABLE; Schema: public; Owner: postgres
--

CREATE TABLE public.weather_location (
    id bigint NOT NULL,
    name character varying(255) NOT NULL,
    latitude numeric(10,7) NOT NULL,
    longitude numeric(10,7) NOT NULL,
    country_code character varying(10) NOT NULL,
    is_auto_detected boolean NOT NULL
);


ALTER TABLE public.weather_location OWNER TO postgres;

--
-- Name: weather_location_id_seq; Type: SEQUENCE; Schema: public; Owner: postgres
--

ALTER TABLE public.weather_location ALTER COLUMN id ADD GENERATED BY DEFAULT AS IDENTITY (
    SEQUENCE NAME public.weather_location_id_seq
    START WITH 1
    INCREMENT BY 1
    NO MINVALUE
    NO MAXVALUE
    CACHE 1
);


--
-- Name: weather_newsarticle; Type: TABLE; Schema: public; Owner: postgres
--

CREATE TABLE public.weather_newsarticle (
    id bigint NOT NULL,
    title character varying(255) NOT NULL,
    content text NOT NULL,
    published_at timestamp with time zone NOT NULL,
    image character varying(100)
);


ALTER TABLE public.weather_newsarticle OWNER TO postgres;

--
-- Name: weather_newsarticle_id_seq; Type: SEQUENCE; Schema: public; Owner: postgres
--

ALTER TABLE public.weather_newsarticle ALTER COLUMN id ADD GENERATED BY DEFAULT AS IDENTITY (
    SEQUENCE NAME public.weather_newsarticle_id_seq
    START WITH 1
    INCREMENT BY 1
    NO MINVALUE
    NO MAXVALUE
    CACHE 1
);


--
-- Name: weather_openweathermapapiusage; Type: TABLE; Schema: public; Owner: postgres
--

CREATE TABLE public.weather_openweathermapapiusage (
    id bigint NOT NULL,
    api_call_time timestamp with time zone NOT NULL,
    response_status integer NOT NULL,
    request_type character varying(20) NOT NULL,
    location_id bigint NOT NULL
);


ALTER TABLE public.weather_openweathermapapiusage OWNER TO postgres;

--
-- Name: weather_openweathermapapiusage_id_seq; Type: SEQUENCE; Schema: public; Owner: postgres
--

ALTER TABLE public.weather_openweathermapapiusage ALTER COLUMN id ADD GENERATED BY DEFAULT AS IDENTITY (
    SEQUENCE NAME public.weather_openweathermapapiusage_id_seq
    START WITH 1
    INCREMENT BY 1
    NO MINVALUE
    NO MAXVALUE
    CACHE 1
);


--
-- Name: weather_supplementarydata; Type: TABLE; Schema: public; Owner: postgres
--

CREATE TABLE public.weather_supplementarydata (
    id bigint NOT NULL,
    air_quality numeric(5,2) NOT NULL,
    sunrise_time time without time zone NOT NULL,
    sunset_time time without time zone NOT NULL,
    moon_phase character varying(20) NOT NULL,
    location_id bigint NOT NULL
);


ALTER TABLE public.weather_supplementarydata OWNER TO postgres;

--
-- Name: weather_supplementarydata_id_seq; Type: SEQUENCE; Schema: public; Owner: postgres
--

ALTER TABLE public.weather_supplementarydata ALTER COLUMN id ADD GENERATED BY DEFAULT AS IDENTITY (
    SEQUENCE NAME public.weather_supplementarydata_id_seq
    START WITH 1
    INCREMENT BY 1
    NO MINVALUE
    NO MAXVALUE
    CACHE 1
);


--
-- Name: weather_usernewsshare; Type: TABLE; Schema: public; Owner: postgres
--

CREATE TABLE public.weather_usernewsshare (
    id bigint NOT NULL,
    shared_at timestamp with time zone NOT NULL,
    news_article_id bigint NOT NULL,
    user_id bigint NOT NULL
);


ALTER TABLE public.weather_usernewsshare OWNER TO postgres;

--
-- Name: weather_usernewsshare_id_seq; Type: SEQUENCE; Schema: public; Owner: postgres
--

ALTER TABLE public.weather_usernewsshare ALTER COLUMN id ADD GENERATED BY DEFAULT AS IDENTITY (
    SEQUENCE NAME public.weather_usernewsshare_id_seq
    START WITH 1
    INCREMENT BY 1
    NO MINVALUE
    NO MAXVALUE
    CACHE 1
);


--
-- Name: weather_userprofile; Type: TABLE; Schema: public; Owner: postgres
--

CREATE TABLE public.weather_userprofile (
    id bigint NOT NULL,
    password character varying(128) NOT NULL,
    last_login timestamp with time zone,
    is_superuser boolean NOT NULL,
    username character varying(150) NOT NULL,
    first_name character varying(150) NOT NULL,
    last_name character varying(150) NOT NULL,
    email character varying(254) NOT NULL,
    is_staff boolean NOT NULL,
    is_active boolean NOT NULL,
    date_joined timestamp with time zone NOT NULL,
    notification_settings jsonb NOT NULL,
    confirmation_token character varying(36)
);


ALTER TABLE public.weather_userprofile OWNER TO postgres;

--
-- Name: weather_userprofile_favorite_locations; Type: TABLE; Schema: public; Owner: postgres
--

CREATE TABLE public.weather_userprofile_favorite_locations (
    id bigint NOT NULL,
    userprofile_id bigint NOT NULL,
    location_id bigint NOT NULL
);


ALTER TABLE public.weather_userprofile_favorite_locations OWNER TO postgres;

--
-- Name: weather_userprofile_favorite_locations_id_seq; Type: SEQUENCE; Schema: public; Owner: postgres
--

ALTER TABLE public.weather_userprofile_favorite_locations ALTER COLUMN id ADD GENERATED BY DEFAULT AS IDENTITY (
    SEQUENCE NAME public.weather_userprofile_favorite_locations_id_seq
    START WITH 1
    INCREMENT BY 1
    NO MINVALUE
    NO MAXVALUE
    CACHE 1
);


--
-- Name: weather_userprofile_groups; Type: TABLE; Schema: public; Owner: postgres
--

CREATE TABLE public.weather_userprofile_groups (
    id bigint NOT NULL,
    userprofile_id bigint NOT NULL,
    group_id integer NOT NULL
);


ALTER TABLE public.weather_userprofile_groups OWNER TO postgres;

--
-- Name: weather_userprofile_groups_id_seq; Type: SEQUENCE; Schema: public; Owner: postgres
--

ALTER TABLE public.weather_userprofile_groups ALTER COLUMN id ADD GENERATED BY DEFAULT AS IDENTITY (
    SEQUENCE NAME public.weather_userprofile_groups_id_seq
    START WITH 1
    INCREMENT BY 1
    NO MINVALUE
    NO MAXVALUE
    CACHE 1
);


--
-- Name: weather_userprofile_id_seq; Type: SEQUENCE; Schema: public; Owner: postgres
--

ALTER TABLE public.weather_userprofile ALTER COLUMN id ADD GENERATED BY DEFAULT AS IDENTITY (
    SEQUENCE NAME public.weather_userprofile_id_seq
    START WITH 1
    INCREMENT BY 1
    NO MINVALUE
    NO MAXVALUE
    CACHE 1
);


--
-- Name: weather_userprofile_user_permissions; Type: TABLE; Schema: public; Owner: postgres
--

CREATE TABLE public.weather_userprofile_user_permissions (
    id bigint NOT NULL,
    userprofile_id bigint NOT NULL,
    permission_id integer NOT NULL
);


ALTER TABLE public.weather_userprofile_user_permissions OWNER TO postgres;

--
-- Name: weather_userprofile_user_permissions_id_seq; Type: SEQUENCE; Schema: public; Owner: postgres
--

ALTER TABLE public.weather_userprofile_user_permissions ALTER COLUMN id ADD GENERATED BY DEFAULT AS IDENTITY (
    SEQUENCE NAME public.weather_userprofile_user_permissions_id_seq
    START WITH 1
    INCREMENT BY 1
    NO MINVALUE
    NO MAXVALUE
    CACHE 1
);


--
-- Name: weather_weatheralert; Type: TABLE; Schema: public; Owner: postgres
--

CREATE TABLE public.weather_weatheralert (
    id bigint NOT NULL,
    alert_type character varying(50) NOT NULL,
    message text NOT NULL,
    issued_at timestamp with time zone NOT NULL,
    location_id bigint NOT NULL,
    recommendation text,
    severity character varying(20) NOT NULL
);


ALTER TABLE public.weather_weatheralert OWNER TO postgres;

--
-- Name: weather_weatheralert_id_seq; Type: SEQUENCE; Schema: public; Owner: postgres
--

ALTER TABLE public.weather_weatheralert ALTER COLUMN id ADD GENERATED BY DEFAULT AS IDENTITY (
    SEQUENCE NAME public.weather_weatheralert_id_seq
    START WITH 1
    INCREMENT BY 1
    NO MINVALUE
    NO MAXVALUE
    CACHE 1
);


--
-- Data for Name: auth_group; Type: TABLE DATA; Schema: public; Owner: postgres
--

COPY public.auth_group (id, name) FROM stdin;
\.


--
-- Data for Name: auth_group_permissions; Type: TABLE DATA; Schema: public; Owner: postgres
--

COPY public.auth_group_permissions (id, group_id, permission_id) FROM stdin;
\.


--
-- Data for Name: auth_permission; Type: TABLE DATA; Schema: public; Owner: postgres
--

COPY public.auth_permission (id, name, content_type_id, codename) FROM stdin;
1	Can add log entry	1	add_logentry
2	Can change log entry	1	change_logentry
3	Can delete log entry	1	delete_logentry
4	Can view log entry	1	view_logentry
5	Can add permission	2	add_permission
6	Can change permission	2	change_permission
7	Can delete permission	2	delete_permission
8	Can view permission	2	view_permission
9	Can add group	3	add_group
10	Can change group	3	change_group
11	Can delete group	3	delete_group
12	Can view group	3	view_group
13	Can add content type	4	add_contenttype
14	Can change content type	4	change_contenttype
15	Can delete content type	4	delete_contenttype
16	Can view content type	4	view_contenttype
17	Can add session	5	add_session
18	Can change session	5	change_session
19	Can delete session	5	delete_session
20	Can view session	5	view_session
21	Can add location	6	add_location
22	Can change location	6	change_location
23	Can delete location	6	delete_location
24	Can view location	6	view_location
25	Can add news article	7	add_newsarticle
26	Can change news article	7	change_newsarticle
27	Can delete news article	7	delete_newsarticle
28	Can view news article	7	view_newsarticle
29	Can add forecast	8	add_forecast
30	Can change forecast	8	change_forecast
31	Can delete forecast	8	delete_forecast
32	Can view forecast	8	view_forecast
33	Can add current weather	9	add_currentweather
34	Can change current weather	9	change_currentweather
35	Can delete current weather	9	delete_currentweather
36	Can view current weather	9	view_currentweather
37	Can add user	10	add_userprofile
38	Can change user	10	change_userprofile
39	Can delete user	10	delete_userprofile
40	Can view user	10	view_userprofile
41	Can add open weather map api usage	11	add_openweathermapapiusage
42	Can change open weather map api usage	11	change_openweathermapapiusage
43	Can delete open weather map api usage	11	delete_openweathermapapiusage
44	Can view open weather map api usage	11	view_openweathermapapiusage
45	Can add supplementary data	12	add_supplementarydata
46	Can change supplementary data	12	change_supplementarydata
47	Can delete supplementary data	12	delete_supplementarydata
48	Can view supplementary data	12	view_supplementarydata
49	Can add user news share	13	add_usernewsshare
50	Can change user news share	13	change_usernewsshare
51	Can delete user news share	13	delete_usernewsshare
52	Can view user news share	13	view_usernewsshare
53	Can add weather alert	14	add_weatheralert
54	Can change weather alert	14	change_weatheralert
55	Can delete weather alert	14	delete_weatheralert
56	Can view weather alert	14	view_weatheralert
57	Can add Token	15	add_token
58	Can change Token	15	change_token
59	Can delete Token	15	delete_token
60	Can view Token	15	view_token
61	Can add Token	16	add_tokenproxy
62	Can change Token	16	change_tokenproxy
63	Can delete Token	16	delete_tokenproxy
64	Can view Token	16	view_tokenproxy
\.


--
-- Data for Name: authtoken_token; Type: TABLE DATA; Schema: public; Owner: postgres
--

COPY public.authtoken_token (key, created, user_id) FROM stdin;
05cd443a990c65e72b421b27405658cc8ed3c97c	2025-03-18 22:30:15.452418+07	1
c719a5b2cb0e8c4df501dc300959de87b571a51f	2025-03-18 22:34:02.419712+07	2
a308130ebea9e6d5dd1582a902cb020148d84229	2025-03-19 07:34:22.692254+07	3
40e99a7fe2c309bc5ad018611fdd6da128916503	2025-03-24 16:28:37.35577+07	4
b11e823f8161592ac55051743c8aab2b53b3d0b5	2025-04-13 14:49:43.291532+07	5
\.


--
-- Data for Name: django_admin_log; Type: TABLE DATA; Schema: public; Owner: postgres
--

COPY public.django_admin_log (id, action_time, object_id, object_repr, action_flag, change_message, content_type_id, user_id) FROM stdin;
\.


--
-- Data for Name: django_content_type; Type: TABLE DATA; Schema: public; Owner: postgres
--

COPY public.django_content_type (id, app_label, model) FROM stdin;
1	admin	logentry
2	auth	permission
3	auth	group
4	contenttypes	contenttype
5	sessions	session
6	weather	location
7	weather	newsarticle
8	weather	forecast
9	weather	currentweather
10	weather	userprofile
11	weather	openweathermapapiusage
12	weather	supplementarydata
13	weather	usernewsshare
14	weather	weatheralert
15	authtoken	token
16	authtoken	tokenproxy
\.


--
-- Data for Name: django_migrations; Type: TABLE DATA; Schema: public; Owner: postgres
--

COPY public.django_migrations (id, app, name, applied) FROM stdin;
1	contenttypes	0001_initial	2025-03-18 22:29:13.459275+07
2	contenttypes	0002_remove_content_type_name	2025-03-18 22:29:13.470463+07
3	auth	0001_initial	2025-03-18 22:29:13.507016+07
4	auth	0002_alter_permission_name_max_length	2025-03-18 22:29:13.511305+07
5	auth	0003_alter_user_email_max_length	2025-03-18 22:29:13.516337+07
6	auth	0004_alter_user_username_opts	2025-03-18 22:29:13.520346+07
7	auth	0005_alter_user_last_login_null	2025-03-18 22:29:13.523785+07
8	auth	0006_require_contenttypes_0002	2025-03-18 22:29:13.525414+07
9	auth	0007_alter_validators_add_error_messages	2025-03-18 22:29:13.529872+07
10	auth	0008_alter_user_username_max_length	2025-03-18 22:29:13.533872+07
11	auth	0009_alter_user_last_name_max_length	2025-03-18 22:29:13.53748+07
12	auth	0010_alter_group_name_max_length	2025-03-18 22:29:13.544477+07
13	auth	0011_update_proxy_permissions	2025-03-18 22:29:13.550004+07
14	auth	0012_alter_user_first_name_max_length	2025-03-18 22:29:13.553002+07
15	weather	0001_initial	2025-03-18 22:29:13.652943+07
16	admin	0001_initial	2025-03-18 22:29:13.667914+07
17	admin	0002_logentry_remove_auto_add	2025-03-18 22:29:13.673631+07
18	admin	0003_logentry_add_action_flag_choices	2025-03-18 22:29:13.682899+07
19	authtoken	0001_initial	2025-03-18 22:29:13.701158+07
20	authtoken	0002_auto_20160226_1747	2025-03-18 22:29:13.720882+07
21	authtoken	0003_tokenproxy	2025-03-18 22:29:13.723877+07
22	authtoken	0004_alter_tokenproxy_options	2025-03-18 22:29:13.727544+07
23	sessions	0001_initial	2025-03-18 22:29:13.739028+07
24	weather	0002_weatheralert_recommendation_weatheralert_severity_and_more	2025-03-20 13:51:09.726208+07
25	weather	0003_newsarticle_image	2025-04-08 22:12:13.227519+07
\.


--
-- Data for Name: django_session; Type: TABLE DATA; Schema: public; Owner: postgres
--

COPY public.django_session (session_key, session_data, expire_date) FROM stdin;
\.


--
-- Data for Name: weather_currentweather; Type: TABLE DATA; Schema: public; Owner: postgres
--

COPY public.weather_currentweather (id, temperature, humidity, wind_speed, pressure, weather_condition, icon_url, "timestamp", updated_at, location_id) FROM stdin;
1	21.98	72.00	5.16	1022.00	overcast clouds	http://openweathermap.org/img/wn/04d.png	2025-03-20 13:04:35.944482+07	2025-03-20 13:04:35.944482+07	1
2	24.99	30.00	2.51	1023.00	overcast clouds	http://openweathermap.org/img/wn/04d.png	2025-03-20 13:14:01.559647+07	2025-03-20 13:14:01.559647+07	2
5	36.79	26.00	1.09	1012.00	overcast clouds	http://openweathermap.org/img/wn/04d.png	2025-03-20 13:18:49.299803+07	2025-03-20 13:18:49.30131+07	5
7	34.54	31.00	2.08	1012.00	overcast clouds	http://openweathermap.org/img/wn/04d.png	2025-03-20 13:30:04.312568+07	2025-03-20 13:30:04.313566+07	7
8	27.93	48.00	3.24	1010.00	broken clouds	http://openweathermap.org/img/wn/04d.png	2025-03-25 10:30:53.302129+07	2025-03-25 10:30:53.302129+07	8
40	29.72	22.00	1.19	1007.00	few clouds	http://openweathermap.org/img/wn/02d.png	2025-03-25 12:32:16.066337+07	2025-03-25 12:32:16.066337+07	35
4	28.96	65.00	6.17	1012.00	clear sky	http://openweathermap.org/img/wn/01n.png	2025-04-08 23:06:17.959807+07	2025-04-08 23:06:17.959807+07	4
39	23.16	75.00	0.98	1010.00	light rain	http://openweathermap.org/img/wn/10d.png	2025-03-25 07:44:11.264092+07	2025-03-25 07:44:11.265126+07	34
13	24.84	26.00	3.17	1019.00	clear sky	http://openweathermap.org/img/wn/01d.png	2025-03-20 16:46:15.942402+07	2025-03-20 16:46:15.942402+07	14
14	25.17	32.00	1.93	1019.00	clear sky	http://openweathermap.org/img/wn/01d.png	2025-03-20 16:48:22.346992+07	2025-03-20 16:48:22.346992+07	15
16	19.60	79.00	5.20	1019.00	overcast clouds	http://openweathermap.org/img/wn/04d.png	2025-03-20 16:51:32.735562+07	2025-03-20 16:51:32.736569+07	17
17	28.30	57.00	4.47	1011.00	overcast clouds	http://openweathermap.org/img/wn/04d.png	2025-03-20 16:52:28.17773+07	2025-03-20 16:52:28.17773+07	18
11	27.20	58.00	7.29	1013.00	scattered clouds	http://openweathermap.org/img/wn/03d.png	2025-03-20 17:00:10.459097+07	2025-03-20 17:00:10.46011+07	12
26	24.24	57.00	0.64	1010.00	light rain	http://openweathermap.org/img/wn/10d.png	2025-03-25 08:07:51.679149+07	2025-03-25 08:07:51.680151+07	27
38	21.39	97.00	1.55	1013.00	clear sky	http://openweathermap.org/img/wn/01n.png	2025-03-24 10:02:11.098823+07	2025-03-24 10:02:11.098823+07	33
21	27.92	62.00	4.39	1012.00	clear sky	http://openweathermap.org/img/wn/01n.png	2025-03-23 22:14:57.224333+07	2025-03-23 22:14:57.225346+07	22
12	23.15	72.00	4.25	1010.00	clear sky	http://openweathermap.org/img/wn/01d.png	2025-03-25 07:45:54.36558+07	2025-03-25 07:45:54.36558+07	13
27	21.55	92.00	1.13	1014.00	broken clouds	http://openweathermap.org/img/wn/04n.png	2025-04-08 23:09:24.254987+07	2025-04-08 23:09:24.254987+07	28
51	25.06	69.00	2.06	1016.00	broken clouds	http://openweathermap.org/img/wn/04d.png	2025-03-24 10:21:55.622555+07	2025-03-24 10:21:55.622555+07	41
47	23.23	73.00	1.50	1016.00	few clouds	http://openweathermap.org/img/wn/02d.png	2025-03-24 10:19:39.545576+07	2025-03-24 10:19:39.545576+07	39
23	30.84	64.00	3.73	1007.00	scattered clouds	http://openweathermap.org/img/wn/03n.png	2025-04-13 18:27:03.185578+07	2025-04-13 18:27:03.186586+07	24
28	27.71	55.00	1.74	1016.00	clear sky	http://openweathermap.org/img/wn/01d.png	2025-03-24 09:57:24.502026+07	2025-03-24 09:57:24.502026+07	28
29	27.71	55.00	1.74	1016.00	clear sky	http://openweathermap.org/img/wn/01d.png	2025-03-24 09:57:24.506258+07	2025-03-24 09:57:24.506258+07	28
30	27.71	55.00	1.74	1016.00	clear sky	http://openweathermap.org/img/wn/01d.png	2025-03-24 09:57:24.614938+07	2025-03-24 09:57:24.614938+07	28
48	23.23	73.00	1.50	1016.00	few clouds	http://openweathermap.org/img/wn/02d.png	2025-03-24 10:19:39.550573+07	2025-03-24 10:19:39.552082+07	39
49	23.23	73.00	1.50	1016.00	few clouds	http://openweathermap.org/img/wn/02d.png	2025-03-24 10:19:39.55409+07	2025-03-24 10:19:39.55409+07	39
41	26.11	57.00	2.28	1016.00	clear sky	http://openweathermap.org/img/wn/01d.png	2025-03-24 10:19:28.02735+07	2025-03-24 10:19:28.02735+07	36
3	17.68	44.00	1.70	1014.00	overcast clouds	http://openweathermap.org/img/wn/04n.png	2025-04-13 18:27:02.779416+07	2025-04-13 18:27:02.779416+07	3
10	30.54	49.00	2.11	1013.00	broken clouds	http://openweathermap.org/img/wn/04d.png	2025-03-24 10:19:42.348054+07	2025-03-24 10:19:42.348054+07	11
31	27.99	78.00	5.14	1013.00	few clouds	http://openweathermap.org/img/wn/02d.png	2025-03-24 09:57:29.332873+07	2025-03-24 09:57:29.333885+07	30
32	27.99	78.00	5.14	1013.00	few clouds	http://openweathermap.org/img/wn/02d.png	2025-03-24 09:57:29.333885+07	2025-03-24 09:57:29.333885+07	29
34	24.84	69.00	2.63	1016.00	scattered clouds	http://openweathermap.org/img/wn/03d.png	2025-03-24 09:59:36.665564+07	2025-03-24 09:59:36.665564+07	32
35	24.84	69.00	2.63	1016.00	scattered clouds	http://openweathermap.org/img/wn/03d.png	2025-03-24 09:59:36.677368+07	2025-03-24 09:59:36.677368+07	32
36	24.84	69.00	2.63	1016.00	scattered clouds	http://openweathermap.org/img/wn/03d.png	2025-03-24 09:59:36.680881+07	2025-03-24 09:59:36.680881+07	32
37	24.84	69.00	2.63	1016.00	scattered clouds	http://openweathermap.org/img/wn/03d.png	2025-03-24 09:59:36.687336+07	2025-03-24 09:59:36.687336+07	32
42	26.11	57.00	2.28	1016.00	clear sky	http://openweathermap.org/img/wn/01d.png	2025-03-24 10:19:28.036411+07	2025-03-24 10:19:28.037419+07	36
43	26.11	57.00	2.28	1016.00	clear sky	http://openweathermap.org/img/wn/01d.png	2025-03-24 10:19:28.037419+07	2025-03-24 10:19:28.037419+07	36
44	26.11	57.00	2.28	1016.00	clear sky	http://openweathermap.org/img/wn/01d.png	2025-03-24 10:19:28.142438+07	2025-03-24 10:19:28.142438+07	36
45	17.85	14.00	3.42	1008.00	scattered clouds	http://openweathermap.org/img/wn/03d.png	2025-03-24 10:19:37.351095+07	2025-03-24 10:19:37.351095+07	37
53	24.03	48.00	1.86	1015.00	clear sky	http://openweathermap.org/img/wn/01d.png	2025-03-24 10:33:59.327724+07	2025-03-24 10:33:59.327724+07	42
19	22.99	68.00	4.12	1014.00	broken clouds	http://openweathermap.org/img/wn/04n.png	2025-04-13 18:27:02.815582+07	2025-04-13 18:27:02.815582+07	20
46	17.85	14.00	3.42	1008.00	scattered clouds	http://openweathermap.org/img/wn/03d.png	2025-03-24 10:19:37.351095+07	2025-03-24 10:19:37.352095+07	38
33	21.07	96.00	2.54	1014.00	broken clouds	http://openweathermap.org/img/wn/04n.png	2025-04-08 22:47:42.093282+07	2025-04-08 22:47:42.093282+07	31
52	24.03	48.00	1.86	1015.00	clear sky	http://openweathermap.org/img/wn/01d.png	2025-03-24 10:33:59.327724+07	2025-03-24 10:33:59.327724+07	43
54	27.82	42.00	2.04	1015.00	clear sky	http://openweathermap.org/img/wn/01d.png	2025-03-24 10:34:39.921615+07	2025-03-24 10:34:39.922616+07	44
55	27.82	42.00	2.04	1015.00	clear sky	http://openweathermap.org/img/wn/01d.png	2025-03-24 10:34:39.922616+07	2025-03-24 10:34:39.922616+07	44
18	33.44	40.00	4.79	1012.00	broken clouds	http://openweathermap.org/img/wn/04d.png	2025-03-24 10:34:03.090188+07	2025-03-24 10:34:03.090188+07	19
56	27.82	42.00	2.04	1015.00	clear sky	http://openweathermap.org/img/wn/01d.png	2025-03-24 10:34:39.924612+07	2025-03-24 10:34:39.924612+07	44
20	24.15	61.00	1.01	1010.00	clear sky	http://openweathermap.org/img/wn/01d.png	2025-03-25 08:07:36.825525+07	2025-03-25 08:07:36.826282+07	21
6	27.81	77.00	4.33	1009.00	broken clouds	http://openweathermap.org/img/wn/04n.png	2025-04-12 00:00:51.974827+07	2025-04-12 00:00:51.974827+07	6
24	20.16	70.00	0.47	1016.00	overcast clouds	http://openweathermap.org/img/wn/04d.png	2025-04-13 18:27:03.111084+07	2025-04-13 18:27:03.111084+07	25
50	24.05	94.00	1.03	1014.00	mist	http://openweathermap.org/img/wn/50n.png	2025-04-08 23:06:51.725104+07	2025-04-08 23:06:51.725104+07	40
15	23.12	89.00	4.55	1014.00	overcast clouds	http://openweathermap.org/img/wn/04n.png	2025-04-08 23:08:49.279546+07	2025-04-08 23:08:49.279546+07	16
57	27.82	42.00	2.04	1015.00	clear sky	http://openweathermap.org/img/wn/01d.png	2025-03-24 10:34:39.935134+07	2025-03-24 10:34:39.936135+07	44
58	27.71	44.00	2.65	1015.00	clear sky	http://openweathermap.org/img/wn/01d.png	2025-03-24 10:38:47.81964+07	2025-03-24 10:38:47.81964+07	45
82	26.37	68.00	4.23	1011.00	overcast clouds	http://openweathermap.org/img/wn/04d.png	2025-03-25 07:43:19.764+07	2025-03-25 07:43:19.764+07	61
25	24.97	47.00	2.02	1015.00	clear sky	http://openweathermap.org/img/wn/01d.png	2025-03-24 10:50:05.739844+07	2025-03-24 10:50:05.740847+07	26
89	27.21	76.00	4.80	1013.00	overcast clouds	http://openweathermap.org/img/wn/04n.png	2025-04-08 23:08:43.480833+07	2025-04-08 23:08:43.480833+07	69
22	30.55	68.00	6.69	1007.00	broken clouds	http://openweathermap.org/img/wn/04n.png	2025-04-13 18:27:03.250449+07	2025-04-13 18:27:03.250449+07	23
90	27.21	76.00	4.80	1013.00	overcast clouds	http://openweathermap.org/img/wn/04n.png	2025-04-08 23:08:43.494471+07	2025-04-08 23:08:43.494471+07	69
91	27.21	76.00	4.80	1013.00	overcast clouds	http://openweathermap.org/img/wn/04n.png	2025-04-08 23:08:43.586352+07	2025-04-08 23:08:43.586352+07	69
60	23.36	74.00	0.85	1010.00	clear sky	http://openweathermap.org/img/wn/01d.png	2025-03-25 08:07:46.438047+07	2025-03-25 08:07:46.438047+07	47
70	23.15	72.00	4.35	1010.00	clear sky	http://openweathermap.org/img/wn/01d.png	2025-03-25 07:58:35.262209+07	2025-03-25 07:58:35.262209+07	57
62	31.71	61.00	1.79	1012.00	clear sky	http://openweathermap.org/img/wn/01d.png	2025-03-24 11:09:06.593584+07	2025-03-24 11:09:06.593584+07	49
95	27.54	70.00	4.68	1012.00	broken clouds	http://openweathermap.org/img/wn/04n.png	2025-04-08 23:10:18.083548+07	2025-04-08 23:10:18.083548+07	79
96	27.54	70.00	4.68	1012.00	broken clouds	http://openweathermap.org/img/wn/04n.png	2025-04-08 23:10:18.093556+07	2025-04-08 23:10:18.094063+07	79
97	27.54	70.00	4.68	1012.00	broken clouds	http://openweathermap.org/img/wn/04n.png	2025-04-08 23:10:18.098069+07	2025-04-08 23:10:18.098069+07	79
66	21.56	95.00	0.50	1015.00	broken clouds	http://openweathermap.org/img/wn/04n.png	2025-04-08 23:09:19.650857+07	2025-04-08 23:09:19.650857+07	53
65	25.12	63.00	1.22	1014.00	overcast clouds	http://openweathermap.org/img/wn/04n.png	2025-04-08 23:09:29.376872+07	2025-04-08 23:09:29.376872+07	52
63	23.76	68.00	0.88	1010.00	clear sky	http://openweathermap.org/img/wn/01d.png	2025-03-25 08:07:47.339969+07	2025-03-25 08:07:47.339969+07	50
83	27.77	69.00	5.14	1012.00	clear sky	http://openweathermap.org/img/wn/01n.png	2025-04-08 23:32:21.059842+07	2025-04-08 23:32:21.059842+07	77
92	21.54	92.00	3.17	1014.00	broken clouds	http://openweathermap.org/img/wn/04n.png	2025-04-08 23:09:22.279877+07	2025-04-08 23:09:22.279877+07	65
84	29.70	73.00	7.20	1008.00	broken clouds	http://openweathermap.org/img/wn/04n.png	2025-04-13 18:27:42.150243+07	2025-04-13 18:27:42.150243+07	72
93	21.54	92.00	3.17	1014.00	broken clouds	http://openweathermap.org/img/wn/04n.png	2025-04-08 23:09:22.285705+07	2025-04-08 23:09:22.285705+07	65
68	24.64	73.00	5.76	1011.00	scattered clouds	http://openweathermap.org/img/wn/03n.png	2025-03-24 22:04:03.586168+07	2025-03-24 22:04:03.586168+07	56
69	24.64	73.00	5.76	1011.00	scattered clouds	http://openweathermap.org/img/wn/03n.png	2025-03-24 22:04:03.976836+07	2025-03-24 22:04:03.976836+07	56
98	15.56	58.00	1.51	1014.00	broken clouds	http://openweathermap.org/img/wn/04n.png	2025-04-13 18:28:01.398405+07	2025-04-13 18:28:01.398405+07	81
94	21.54	92.00	3.17	1014.00	broken clouds	http://openweathermap.org/img/wn/04n.png	2025-04-08 23:09:22.285705+07	2025-04-08 23:09:22.285705+07	65
99	30.55	68.00	6.69	1007.00	broken clouds	http://openweathermap.org/img/wn/04n.png	2025-04-13 18:28:36.483672+07	2025-04-13 18:28:36.483672+07	83
71	21.17	88.00	3.34	1012.00	clear sky	http://openweathermap.org/img/wn/01n.png	2025-03-24 22:24:26.171899+07	2025-03-24 22:24:26.171899+07	57
72	21.17	88.00	3.34	1012.00	clear sky	http://openweathermap.org/img/wn/01n.png	2025-03-24 22:24:26.256737+07	2025-03-24 22:24:26.257731+07	57
73	21.17	88.00	3.34	1012.00	clear sky	http://openweathermap.org/img/wn/01n.png	2025-03-24 22:24:26.401046+07	2025-03-24 22:24:26.401046+07	57
100	30.55	68.00	6.69	1007.00	broken clouds	http://openweathermap.org/img/wn/04n.png	2025-04-13 18:28:36.498019+07	2025-04-13 18:28:36.499019+07	82
59	20.67	93.00	1.21	1015.00	overcast clouds	http://openweathermap.org/img/wn/04n.png	2025-04-08 23:09:25.778241+07	2025-04-08 23:09:25.778241+07	46
75	18.43	91.00	1.76	1013.00	scattered clouds	http://openweathermap.org/img/wn/03n.png	2025-03-24 22:48:36.310969+07	2025-03-24 22:48:36.310969+07	59
76	18.43	91.00	1.76	1013.00	scattered clouds	http://openweathermap.org/img/wn/03n.png	2025-03-24 22:48:36.365947+07	2025-03-24 22:48:36.365947+07	59
77	18.43	91.00	1.76	1013.00	scattered clouds	http://openweathermap.org/img/wn/03n.png	2025-03-24 22:48:36.669327+07	2025-03-24 22:48:36.669327+07	59
64	9.94	71.00	2.00	1012.00	clear sky	http://openweathermap.org/img/wn/01n.png	2025-04-08 23:09:31.457098+07	2025-04-08 23:09:31.457098+07	51
74	22.45	92.00	1.05	1014.00	scattered clouds	http://openweathermap.org/img/wn/03n.png	2025-04-08 23:09:33.140212+07	2025-04-08 23:09:33.140212+07	58
78	26.60	68.00	5.03	1011.00	overcast clouds	http://openweathermap.org/img/wn/04d.png	2025-03-25 07:43:01.784881+07	2025-03-25 07:43:01.784881+07	60
79	26.60	68.00	5.03	1011.00	overcast clouds	http://openweathermap.org/img/wn/04d.png	2025-03-25 07:43:01.801859+07	2025-03-25 07:43:01.801859+07	60
80	26.60	68.00	5.03	1011.00	overcast clouds	http://openweathermap.org/img/wn/04d.png	2025-03-25 07:43:01.801859+07	2025-03-25 07:43:01.801859+07	60
81	26.37	68.00	4.23	1011.00	overcast clouds	http://openweathermap.org/img/wn/04d.png	2025-03-25 07:43:19.7557+07	2025-03-25 07:43:19.7557+07	62
9	23.97	59.00	5.06	1014.00	overcast clouds	http://openweathermap.org/img/wn/04n.png	2025-04-13 18:27:02.63638+07	2025-04-13 18:27:02.63638+07	9
101	30.55	68.00	6.69	1007.00	broken clouds	http://openweathermap.org/img/wn/04n.png	2025-04-13 18:28:36.510616+07	2025-04-13 18:28:36.510616+07	84
67	34.32	36.00	2.95	1007.00	broken clouds	http://openweathermap.org/img/wn/04d.png	2025-03-25 12:32:06.440184+07	2025-03-25 12:32:06.440184+07	54
61	27.06	82.00	1.74	1010.00	overcast clouds	http://openweathermap.org/img/wn/04n.png	2025-04-11 23:59:03.706412+07	2025-04-11 23:59:03.706412+07	48
85	20.09	93.00	1.24	1015.00	overcast clouds	http://openweathermap.org/img/wn/04n.png	2025-04-08 23:07:53.804588+07	2025-04-08 23:07:53.804588+07	70
86	20.09	93.00	1.24	1015.00	overcast clouds	http://openweathermap.org/img/wn/04n.png	2025-04-08 23:07:53.821679+07	2025-04-08 23:07:53.821679+07	70
87	20.09	93.00	1.24	1015.00	overcast clouds	http://openweathermap.org/img/wn/04n.png	2025-04-08 23:07:53.827425+07	2025-04-08 23:07:53.827425+07	70
88	20.09	93.00	1.24	1015.00	overcast clouds	http://openweathermap.org/img/wn/04n.png	2025-04-08 23:07:53.83244+07	2025-04-08 23:07:53.83244+07	70
\.


--
-- Data for Name: weather_forecast; Type: TABLE DATA; Schema: public; Owner: postgres
--

COPY public.weather_forecast (id, forecast_type, forecast_time, high_temperature, low_temperature, rain_probability, uv_index, location_id) FROM stdin;
479	short	2025-03-24 20:00:00+07	21.27	21.03	0.00	0.00	33
480	short	2025-03-24 23:00:00+07	21.43	21.42	0.00	0.00	33
481	short	2025-03-25 02:00:00+07	27.13	27.13	20.00	0.00	33
482	short	2025-03-25 05:00:00+07	30.52	30.52	98.00	0.00	33
483	short	2025-03-25 08:00:00+07	28.50	28.50	100.00	0.00	33
484	short	2025-03-25 11:00:00+07	24.04	24.04	100.00	0.00	33
485	short	2025-03-25 14:00:00+07	22.65	22.65	80.00	0.00	33
486	short	2025-03-25 17:00:00+07	22.04	22.04	0.00	0.00	33
5142	daily	2025-04-09 01:00:00+07	34.67	26.78	38.00	0.00	77
5143	daily	2025-04-10 01:00:00+07	34.98	26.35	61.00	0.00	77
5144	daily	2025-04-11 01:00:00+07	37.35	26.10	100.00	0.00	77
5145	daily	2025-04-12 01:00:00+07	37.22	26.56	50.00	0.00	77
5146	daily	2025-04-13 01:00:00+07	36.94	26.58	98.00	0.00	77
375	daily	2025-03-24 17:00:00+07	37.22	24.52	0.00	0.00	29
376	daily	2025-03-25 08:00:00+07	36.24	23.11	0.00	0.00	29
377	daily	2025-03-26 08:00:00+07	38.58	22.74	0.00	0.00	29
378	daily	2025-03-27 08:00:00+07	38.46	23.93	0.00	0.00	29
379	daily	2025-03-28 08:00:00+07	38.23	24.38	0.00	0.00	29
380	daily	2025-03-29 08:00:00+07	26.70	25.06	0.00	0.00	29
717	short	2025-03-24 20:00:00+07	28.75	26.99	0.00	0.00	36
718	short	2025-03-24 23:00:00+07	25.58	25.32	0.00	0.00	36
719	short	2025-03-25 02:00:00+07	21.03	21.03	0.00	0.00	36
720	short	2025-03-25 05:00:00+07	20.27	20.27	0.00	0.00	36
721	short	2025-03-25 08:00:00+07	19.49	19.49	0.00	0.00	36
722	short	2025-03-25 11:00:00+07	18.94	18.94	0.00	0.00	36
723	short	2025-03-25 14:00:00+07	20.46	20.46	0.00	0.00	36
724	short	2025-03-25 17:00:00+07	28.29	28.29	0.00	0.00	36
5228	daily	2025-04-12 01:00:00+07	32.48	25.93	0.00	0.00	48
737	daily	2025-03-24 20:00:00+07	21.73	18.44	0.00	0.00	38
740	daily	2025-03-25 08:00:00+07	23.56	14.29	0.00	0.00	38
741	daily	2025-03-26 08:00:00+07	19.88	8.83	0.00	0.00	38
742	daily	2025-03-27 08:00:00+07	9.08	2.07	29.00	0.00	38
743	daily	2025-03-28 08:00:00+07	6.26	-0.16	25.00	0.00	38
3653	short	2025-03-25 10:00:00+07	29.49	26.43	0.00	0.00	62
3654	short	2025-03-25 13:00:00+07	32.25	29.80	0.00	0.00	62
5229	daily	2025-04-13 01:00:00+07	31.52	24.39	0.00	0.00	48
5230	daily	2025-04-14 01:00:00+07	31.33	24.30	26.00	0.00	48
5231	daily	2025-04-15 01:00:00+07	29.30	23.66	100.00	0.00	48
5232	daily	2025-04-16 01:00:00+07	31.18	23.95	0.00	0.00	48
3655	short	2025-03-25 16:00:00+07	30.22	30.22	0.00	0.00	62
3656	short	2025-03-25 19:00:00+07	28.19	28.19	0.00	0.00	62
3657	short	2025-03-25 22:00:00+07	26.57	26.57	0.00	0.00	62
3658	short	2025-03-26 01:00:00+07	24.92	24.92	0.00	0.00	62
3659	short	2025-03-26 04:00:00+07	23.86	23.86	0.00	0.00	62
3660	short	2025-03-26 07:00:00+07	24.57	24.57	0.00	0.00	62
5452	short	2025-04-13 19:00:00+07	23.98	20.88	0.00	0.00	9
1443	short	2025-03-24 20:00:00+07	30.45	26.80	0.00	0.00	26
1444	short	2025-03-24 23:00:00+07	31.78	29.51	0.00	0.00	26
1445	short	2025-03-25 02:00:00+07	24.57	24.57	0.00	0.00	26
1446	short	2025-03-25 05:00:00+07	21.84	21.84	0.00	0.00	26
1447	short	2025-03-25 08:00:00+07	20.88	20.88	0.00	0.00	26
1448	short	2025-03-25 11:00:00+07	19.99	19.99	0.00	0.00	26
1449	short	2025-03-25 14:00:00+07	20.93	20.93	0.00	0.00	26
1450	short	2025-03-25 17:00:00+07	27.56	27.56	0.00	0.00	26
5453	short	2025-04-13 22:00:00+07	23.12	21.41	0.00	0.00	9
5455	short	2025-04-14 01:00:00+07	20.89	19.34	0.00	0.00	9
5456	short	2025-04-14 04:00:00+07	18.45	18.45	0.00	0.00	9
459	daily	2025-03-24 17:00:00+07	25.79	18.73	0.00	0.00	32
460	daily	2025-03-25 08:00:00+07	28.57	17.38	0.00	0.00	32
461	daily	2025-03-26 08:00:00+07	29.96	19.18	0.00	0.00	32
462	daily	2025-03-27 08:00:00+07	36.20	23.14	0.00	0.00	32
463	daily	2025-03-28 08:00:00+07	35.01	24.23	0.00	0.00	32
464	daily	2025-03-29 08:00:00+07	23.95	23.50	74.00	0.00	32
4061	daily	2025-03-25 10:00:00+07	30.43	20.66	0.00	0.00	47
4062	daily	2025-03-26 01:00:00+07	30.92	19.34	0.00	0.00	47
4063	daily	2025-03-27 01:00:00+07	34.87	20.45	0.00	0.00	47
5458	short	2025-04-14 07:00:00+07	19.86	19.86	0.00	0.00	9
5460	short	2025-04-14 10:00:00+07	20.75	20.75	6.00	0.00	9
5462	short	2025-04-14 13:00:00+07	26.08	26.08	0.00	0.00	9
5464	short	2025-04-14 16:00:00+07	27.03	27.03	0.00	0.00	9
4064	daily	2025-03-28 01:00:00+07	31.12	21.40	0.00	0.00	47
4065	daily	2025-03-29 01:00:00+07	22.44	17.69	32.00	0.00	47
4066	daily	2025-03-30 01:00:00+07	17.18	16.45	30.00	0.00	47
4095	short	2025-03-25 10:00:00+07	31.81	24.14	0.00	0.00	27
107	daily	2025-03-24 17:00:00+07	24.14	19.76	0.00	0.00	20
108	daily	2025-03-25 08:00:00+07	26.21	18.72	0.00	0.00	20
109	daily	2025-03-26 08:00:00+07	26.91	20.02	0.00	0.00	20
110	short	2025-03-24 17:00:00+07	23.99	23.46	0.00	0.00	20
111	daily	2025-03-27 08:00:00+07	30.04	23.80	20.00	0.00	20
112	short	2025-03-24 20:00:00+07	24.13	24.04	0.00	0.00	20
113	daily	2025-03-28 08:00:00+07	29.27	24.18	92.00	0.00	20
114	short	2025-03-24 23:00:00+07	24.14	24.09	0.00	0.00	20
115	daily	2025-03-29 08:00:00+07	24.63	23.76	100.00	0.00	20
116	short	2025-03-25 02:00:00+07	21.09	21.09	0.00	0.00	20
117	short	2025-03-25 05:00:00+07	19.76	19.76	0.00	0.00	20
118	short	2025-03-25 08:00:00+07	18.72	18.72	0.00	0.00	20
119	short	2025-03-25 11:00:00+07	18.93	18.93	0.00	0.00	20
120	short	2025-03-25 14:00:00+07	20.22	20.22	0.00	0.00	20
5527	short	2025-04-14 10:00:00+07	34.03	34.03	0.00	0.00	24
5528	short	2025-04-14 13:00:00+07	36.90	36.90	0.00	0.00	24
5529	short	2025-04-14 16:00:00+07	34.69	34.69	49.00	0.00	24
487	daily	2025-03-24 20:00:00+07	30.52	21.03	98.00	0.00	33
488	daily	2025-03-25 08:00:00+07	30.10	21.60	100.00	0.00	33
489	daily	2025-03-26 08:00:00+07	31.47	20.42	2.00	0.00	33
490	daily	2025-03-27 08:00:00+07	29.51	21.88	100.00	0.00	33
491	daily	2025-03-28 08:00:00+07	27.83	21.99	100.00	0.00	33
492	daily	2025-03-29 08:00:00+07	28.83	22.76	100.00	0.00	33
4744	short	2025-04-09 01:00:00+07	20.33	19.20	0.00	0.00	70
4745	short	2025-04-09 04:00:00+07	19.14	18.26	0.00	0.00	70
4746	short	2025-04-09 07:00:00+07	22.02	22.02	0.00	0.00	70
4747	short	2025-04-09 10:00:00+07	33.28	33.28	0.00	0.00	70
4748	short	2025-04-09 13:00:00+07	38.31	38.31	0.00	0.00	70
4749	short	2025-04-09 16:00:00+07	35.11	35.11	0.00	0.00	70
4750	short	2025-04-09 19:00:00+07	27.97	27.97	23.00	0.00	70
4751	short	2025-04-09 22:00:00+07	22.48	22.48	71.00	0.00	70
4583	daily	2025-04-09 01:00:00+07	29.59	20.77	20.00	0.00	31
4584	daily	2025-04-10 01:00:00+07	34.02	22.59	0.00	0.00	31
4585	daily	2025-04-11 01:00:00+07	30.05	23.16	39.00	0.00	31
4586	daily	2025-04-12 01:00:00+07	26.72	22.41	100.00	0.00	31
4587	daily	2025-04-13 01:00:00+07	21.46	18.72	0.00	0.00	31
5147	short	2025-04-09 01:00:00+07	28.00	27.77	0.00	0.00	77
5148	short	2025-04-09 04:00:00+07	27.44	26.78	0.00	0.00	77
5149	short	2025-04-09 07:00:00+07	27.66	27.60	0.00	0.00	77
5150	short	2025-04-09 10:00:00+07	31.35	31.35	0.00	0.00	77
5151	short	2025-04-09 13:00:00+07	34.67	34.67	0.00	0.00	77
5152	short	2025-04-09 16:00:00+07	32.51	32.51	38.00	0.00	77
5153	short	2025-04-09 19:00:00+07	28.74	28.74	25.00	0.00	77
4783	short	2025-04-09 01:00:00+07	21.54	21.29	20.00	0.00	53
4784	short	2025-04-09 04:00:00+07	21.47	21.37	20.00	0.00	53
4785	short	2025-04-09 07:00:00+07	21.89	21.89	20.00	0.00	53
4786	short	2025-04-09 10:00:00+07	22.68	22.68	20.00	0.00	53
4787	short	2025-04-09 13:00:00+07	25.71	25.71	20.00	0.00	53
5154	short	2025-04-09 22:00:00+07	27.64	27.64	10.00	0.00	77
4788	short	2025-04-09 16:00:00+07	28.15	28.15	0.00	0.00	53
4789	short	2025-04-09 19:00:00+07	23.73	23.73	0.00	0.00	53
4790	short	2025-04-09 22:00:00+07	22.75	22.75	0.00	0.00	53
4822	short	2025-04-09 01:00:00+07	20.39	20.25	0.00	0.00	46
4823	short	2025-04-09 04:00:00+07	20.35	20.29	0.00	0.00	46
4824	short	2025-04-09 07:00:00+07	21.23	21.23	20.00	0.00	46
725	daily	2025-03-24 20:00:00+07	28.75	20.27	0.00	0.00	36
726	daily	2025-03-25 08:00:00+07	29.25	18.94	0.00	0.00	36
727	daily	2025-03-26 08:00:00+07	30.25	19.41	0.00	0.00	36
728	daily	2025-03-27 08:00:00+07	33.02	20.34	0.00	0.00	36
729	daily	2025-03-28 08:00:00+07	30.18	21.08	0.00	0.00	36
730	daily	2025-03-29 08:00:00+07	23.58	17.59	0.00	0.00	36
744	daily	2025-03-29 08:00:00+07	6.68	-0.90	0.00	0.00	38
747	short	2025-03-24 20:00:00+07	25.02	23.83	0.00	0.00	39
750	short	2025-03-24 23:00:00+07	24.13	23.83	0.00	0.00	39
752	short	2025-03-25 02:00:00+07	21.06	21.06	0.00	0.00	39
754	short	2025-03-25 05:00:00+07	20.21	20.21	0.00	0.00	39
755	short	2025-03-25 08:00:00+07	18.95	18.95	0.00	0.00	39
756	short	2025-03-25 11:00:00+07	18.46	18.46	0.00	0.00	39
4825	short	2025-04-09 10:00:00+07	25.69	25.69	0.00	0.00	46
4826	short	2025-04-09 13:00:00+07	27.18	27.18	0.00	0.00	46
3829	short	2025-03-25 10:00:00+07	25.80	22.68	0.00	0.00	13
3831	short	2025-03-25 13:00:00+07	27.22	25.19	0.00	0.00	13
4827	short	2025-04-09 16:00:00+07	27.89	27.89	0.00	0.00	46
4828	short	2025-04-09 19:00:00+07	24.40	24.40	0.00	0.00	46
4829	short	2025-04-09 22:00:00+07	22.19	22.19	0.00	0.00	46
757	short	2025-03-25 14:00:00+07	19.86	19.86	0.00	0.00	39
758	short	2025-03-25 17:00:00+07	24.34	24.34	0.00	0.00	39
767	daily	2025-03-24 20:00:00+07	36.54	25.75	0.00	0.00	11
768	daily	2025-03-25 08:00:00+07	36.12	24.48	0.00	0.00	11
769	daily	2025-03-26 08:00:00+07	37.38	24.09	0.00	0.00	11
770	daily	2025-03-27 08:00:00+07	38.95	24.84	0.00	0.00	11
771	daily	2025-03-28 08:00:00+07	39.09	25.00	0.00	0.00	11
772	daily	2025-03-29 08:00:00+07	33.22	27.09	0.00	0.00	11
3745	short	2025-03-25 10:00:00+07	28.44	23.07	0.00	0.00	34
3746	short	2025-03-25 13:00:00+07	32.11	28.20	0.00	0.00	34
955	daily	2025-03-24 20:00:00+07	27.59	19.26	0.00	0.00	41
956	daily	2025-03-25 08:00:00+07	30.47	18.22	0.00	0.00	41
5272	short	2025-04-12 01:00:00+07	27.81	27.03	0.00	0.00	6
5273	short	2025-04-12 04:00:00+07	27.59	27.15	0.00	0.00	6
5274	short	2025-04-12 07:00:00+07	28.36	28.18	0.00	0.00	6
5275	short	2025-04-12 10:00:00+07	32.79	32.79	0.00	0.00	6
5276	short	2025-04-12 13:00:00+07	36.57	36.57	0.00	0.00	6
1107	daily	2025-03-24 20:00:00+07	35.42	24.91	0.00	0.00	19
1108	daily	2025-03-25 08:00:00+07	36.58	24.08	0.00	0.00	19
1109	daily	2025-03-26 08:00:00+07	38.28	22.81	0.00	0.00	19
1110	daily	2025-03-27 08:00:00+07	36.87	22.74	0.00	0.00	19
1111	daily	2025-03-28 08:00:00+07	36.39	24.33	0.00	0.00	19
1112	daily	2025-03-29 08:00:00+07	36.60	24.91	0.00	0.00	19
1135	daily	2025-03-24 20:00:00+07	29.21	17.86	0.00	0.00	44
1136	daily	2025-03-25 08:00:00+07	32.47	17.42	0.00	0.00	44
1137	daily	2025-03-26 08:00:00+07	34.82	19.72	0.00	0.00	44
1138	daily	2025-03-27 08:00:00+07	34.68	22.85	76.00	0.00	44
1139	daily	2025-03-28 08:00:00+07	31.23	21.18	100.00	0.00	44
5277	short	2025-04-12 16:00:00+07	34.90	34.90	0.00	0.00	6
5278	short	2025-04-12 19:00:00+07	29.67	29.67	0.00	0.00	6
5279	short	2025-04-12 22:00:00+07	28.43	28.43	0.00	0.00	6
4752	daily	2025-04-09 01:00:00+07	33.20	26.34	1.00	0.00	69
4753	daily	2025-04-10 01:00:00+07	33.36	26.21	100.00	0.00	69
4754	daily	2025-04-11 01:00:00+07	33.01	26.26	100.00	0.00	69
4755	daily	2025-04-12 01:00:00+07	34.08	26.33	60.00	0.00	69
4756	daily	2025-04-13 01:00:00+07	33.19	26.67	100.00	0.00	69
4791	short	2025-04-09 01:00:00+07	21.67	21.28	0.00	0.00	65
4792	short	2025-04-09 04:00:00+07	21.28	20.99	0.00	0.00	65
4793	short	2025-04-09 07:00:00+07	22.61	22.61	0.00	0.00	65
4794	short	2025-04-09 10:00:00+07	26.73	26.73	0.00	0.00	65
4795	short	2025-04-09 13:00:00+07	28.42	28.42	20.00	0.00	65
4796	short	2025-04-09 16:00:00+07	30.14	30.14	0.00	0.00	65
4588	short	2025-04-09 01:00:00+07	21.06	20.77	0.00	0.00	31
4589	short	2025-04-09 04:00:00+07	21.19	21.18	0.00	0.00	31
4797	short	2025-04-09 19:00:00+07	24.85	24.85	0.00	0.00	65
4798	short	2025-04-09 22:00:00+07	23.37	23.37	0.00	0.00	65
731	short	2025-03-24 20:00:00+07	20.62	18.77	0.00	0.00	37
732	short	2025-03-24 23:00:00+07	21.73	20.44	0.00	0.00	37
733	short	2025-03-25 02:00:00+07	18.44	18.44	0.00	0.00	37
734	short	2025-03-25 05:00:00+07	19.36	19.36	0.00	0.00	37
735	short	2025-03-25 08:00:00+07	18.57	18.57	0.00	0.00	37
736	short	2025-03-25 11:00:00+07	14.58	14.58	0.00	0.00	37
738	short	2025-03-25 14:00:00+07	14.29	14.29	0.00	0.00	37
739	short	2025-03-25 17:00:00+07	18.52	18.52	0.00	0.00	37
5410	short	2025-04-13 19:00:00+07	28.87	28.87	0.00	0.00	72
5411	short	2025-04-13 22:00:00+07	28.49	27.72	0.00	0.00	72
5412	short	2025-04-14 01:00:00+07	27.68	27.09	0.00	0.00	72
5413	short	2025-04-14 04:00:00+07	26.79	26.79	0.00	0.00	72
5414	short	2025-04-14 07:00:00+07	27.24	27.24	0.00	0.00	72
5415	short	2025-04-14 10:00:00+07	28.80	28.80	0.00	0.00	72
5416	short	2025-04-14 13:00:00+07	27.80	27.80	0.00	0.00	72
4590	short	2025-04-09 07:00:00+07	22.60	22.60	0.00	0.00	31
4591	short	2025-04-09 10:00:00+07	26.99	26.99	20.00	0.00	31
745	daily	2025-03-24 20:00:00+07	25.02	20.21	0.00	0.00	39
746	daily	2025-03-25 08:00:00+07	25.18	18.46	0.00	0.00	39
748	daily	2025-03-26 08:00:00+07	25.97	19.99	0.00	0.00	39
749	daily	2025-03-27 08:00:00+07	27.68	22.08	0.00	0.00	39
751	daily	2025-03-28 08:00:00+07	28.29	23.05	70.00	0.00	39
753	daily	2025-03-29 08:00:00+07	26.65	23.41	69.00	0.00	39
759	short	2025-03-24 20:00:00+07	35.34	32.14	0.00	0.00	11
760	short	2025-03-24 23:00:00+07	36.54	34.54	0.00	0.00	11
761	short	2025-03-25 02:00:00+07	33.47	33.47	0.00	0.00	11
762	short	2025-03-25 05:00:00+07	25.75	25.75	0.00	0.00	11
763	short	2025-03-25 08:00:00+07	24.82	24.82	0.00	0.00	11
764	short	2025-03-25 11:00:00+07	24.48	24.48	0.00	0.00	11
765	short	2025-03-25 14:00:00+07	25.01	25.01	0.00	0.00	11
766	short	2025-03-25 17:00:00+07	30.73	30.73	0.00	0.00	11
451	short	2025-03-24 17:00:00+07	24.84	24.84	0.00	0.00	32
452	short	2025-03-24 20:00:00+07	25.79	25.16	0.00	0.00	32
453	short	2025-03-24 23:00:00+07	24.51	24.34	0.00	0.00	32
454	short	2025-03-25 02:00:00+07	19.72	19.72	0.00	0.00	32
455	short	2025-03-25 05:00:00+07	18.73	18.73	0.00	0.00	32
456	short	2025-03-25 08:00:00+07	17.87	17.87	0.00	0.00	32
457	short	2025-03-25 11:00:00+07	17.38	17.38	0.00	0.00	32
458	short	2025-03-25 14:00:00+07	19.31	19.31	0.00	0.00	32
4592	short	2025-04-09 13:00:00+07	29.59	29.59	0.00	0.00	31
4593	short	2025-04-09 16:00:00+07	29.45	29.45	0.00	0.00	31
3830	daily	2025-03-25 10:00:00+07	27.22	20.98	0.00	0.00	13
3832	daily	2025-03-26 01:00:00+07	27.16	19.97	0.00	0.00	13
4594	short	2025-04-09 19:00:00+07	23.93	23.93	0.00	0.00	31
4595	short	2025-04-09 22:00:00+07	23.39	23.39	0.00	0.00	31
5417	short	2025-04-14 16:00:00+07	27.83	27.83	20.00	0.00	72
5454	daily	2025-04-13 19:00:00+07	23.98	20.88	0.00	0.00	9
5457	daily	2025-04-14 01:00:00+07	27.03	18.45	6.00	0.00	9
5459	daily	2025-04-15 01:00:00+07	29.90	19.40	0.00	0.00	9
5461	daily	2025-04-16 01:00:00+07	31.94	20.17	27.00	0.00	9
3834	daily	2025-03-27 01:00:00+07	28.81	20.87	0.00	0.00	13
3836	daily	2025-03-28 01:00:00+07	28.53	20.98	0.00	0.00	13
3838	daily	2025-03-29 01:00:00+07	22.58	16.99	51.00	0.00	13
3840	daily	2025-03-30 01:00:00+07	16.52	14.47	100.00	0.00	13
4887	short	2025-04-09 01:00:00+07	12.41	10.76	0.00	0.00	51
4888	short	2025-04-09 04:00:00+07	11.60	11.05	0.00	0.00	51
4889	short	2025-04-09 07:00:00+07	13.78	13.78	0.00	0.00	51
4890	short	2025-04-09 10:00:00+07	17.89	17.89	0.00	0.00	51
4891	short	2025-04-09 13:00:00+07	21.74	21.74	0.00	0.00	51
4892	short	2025-04-09 16:00:00+07	18.64	18.64	0.00	0.00	51
4893	short	2025-04-09 19:00:00+07	16.65	16.65	0.00	0.00	51
5463	daily	2025-04-17 01:00:00+07	30.27	23.37	20.00	0.00	9
5465	daily	2025-04-18 01:00:00+07	32.98	23.02	20.00	0.00	9
3747	short	2025-03-25 16:00:00+07	27.78	27.78	0.00	0.00	34
1087	daily	2025-03-24 20:00:00+07	31.57	21.53	0.00	0.00	42
1088	daily	2025-03-25 08:00:00+07	32.07	19.73	0.00	0.00	42
1089	daily	2025-03-26 08:00:00+07	32.52	19.66	0.00	0.00	42
1090	daily	2025-03-27 08:00:00+07	32.75	21.40	0.00	0.00	42
1091	daily	2025-03-28 08:00:00+07	32.04	22.00	0.00	0.00	42
1092	daily	2025-03-29 08:00:00+07	21.31	14.55	100.00	0.00	42
1113	short	2025-03-24 20:00:00+07	35.42	32.91	0.00	0.00	19
1114	short	2025-03-24 23:00:00+07	34.06	33.26	0.00	0.00	19
1115	short	2025-03-25 02:00:00+07	26.22	26.22	0.00	0.00	19
1116	short	2025-03-25 05:00:00+07	24.91	24.91	0.00	0.00	19
1117	short	2025-03-25 08:00:00+07	24.10	24.10	0.00	0.00	19
1118	short	2025-03-25 11:00:00+07	24.08	24.08	0.00	0.00	19
1119	short	2025-03-25 14:00:00+07	25.84	25.84	0.00	0.00	19
1120	short	2025-03-25 17:00:00+07	31.74	31.74	0.00	0.00	19
1140	daily	2025-03-29 08:00:00+07	26.26	21.10	52.00	0.00	44
3748	short	2025-03-25 19:00:00+07	22.87	22.87	0.00	0.00	34
957	daily	2025-03-26 08:00:00+07	32.51	20.21	0.00	0.00	41
958	daily	2025-03-27 08:00:00+07	35.58	24.89	26.00	0.00	41
959	daily	2025-03-28 08:00:00+07	33.43	24.90	48.00	0.00	41
960	daily	2025-03-29 08:00:00+07	28.74	23.89	65.00	0.00	41
5418	daily	2025-04-13 19:00:00+07	28.87	27.72	0.00	0.00	72
5419	daily	2025-04-14 01:00:00+07	28.80	26.79	31.00	0.00	72
5420	daily	2025-04-15 01:00:00+07	28.59	26.51	100.00	0.00	72
5421	daily	2025-04-16 01:00:00+07	28.45	26.67	100.00	0.00	72
5422	daily	2025-04-17 01:00:00+07	27.94	26.78	0.00	0.00	72
5423	daily	2025-04-18 01:00:00+07	28.15	26.91	0.00	0.00	72
5466	short	2025-04-13 19:00:00+07	30.55	30.13	100.00	0.00	83
5467	short	2025-04-13 22:00:00+07	29.86	28.47	0.00	0.00	83
5468	short	2025-04-14 01:00:00+07	28.69	27.76	0.00	0.00	83
5280	daily	2025-04-12 01:00:00+07	36.57	27.03	0.00	0.00	6
5281	daily	2025-04-13 01:00:00+07	36.00	26.69	99.00	0.00	6
2305	short	2025-03-24 23:00:00+07	25.20	23.65	0.00	0.00	1
2306	short	2025-03-25 02:00:00+07	22.73	21.11	0.00	0.00	1
2307	short	2025-03-25 05:00:00+07	19.77	19.77	0.00	0.00	1
2308	short	2025-03-25 08:00:00+07	18.46	18.46	0.00	0.00	1
2309	short	2025-03-25 11:00:00+07	18.23	18.23	0.00	0.00	1
2310	short	2025-03-25 14:00:00+07	19.68	19.68	0.00	0.00	1
2311	short	2025-03-25 17:00:00+07	24.00	24.00	0.00	0.00	1
2312	short	2025-03-25 20:00:00+07	24.68	24.68	0.00	0.00	1
2313	daily	2025-03-24 23:00:00+07	25.20	19.77	0.00	0.00	1
2314	daily	2025-03-25 08:00:00+07	24.68	18.23	0.00	0.00	1
2315	daily	2025-03-26 08:00:00+07	25.16	19.55	0.00	0.00	1
2316	daily	2025-03-27 08:00:00+07	27.80	22.75	33.00	0.00	1
2317	daily	2025-03-28 08:00:00+07	28.01	23.55	80.00	0.00	1
2318	daily	2025-03-29 08:00:00+07	26.13	23.35	100.00	0.00	1
2319	weekly	2025-03-24 14:22:11.462497+07	28.01	18.23	100.00	0.00	1
5282	daily	2025-04-14 01:00:00+07	34.42	25.24	100.00	0.00	6
4713	daily	2025-04-09 01:00:00+07	27.71	21.40	40.00	0.00	40
4714	daily	2025-04-10 01:00:00+07	30.21	22.72	100.00	0.00	40
4715	daily	2025-04-11 01:00:00+07	32.07	22.77	100.00	0.00	40
4716	daily	2025-04-12 01:00:00+07	32.90	21.64	100.00	0.00	40
4717	daily	2025-04-13 01:00:00+07	21.82	18.36	100.00	0.00	40
1451	daily	2025-03-24 20:00:00+07	31.78	21.84	0.00	0.00	26
1452	daily	2025-03-25 08:00:00+07	32.58	19.99	0.00	0.00	26
1453	daily	2025-03-26 08:00:00+07	33.12	20.10	0.00	0.00	26
1454	daily	2025-03-27 08:00:00+07	33.47	21.93	0.00	0.00	26
4757	short	2025-04-09 01:00:00+07	27.31	26.88	0.00	0.00	69
4758	short	2025-04-09 04:00:00+07	26.73	26.34	0.00	0.00	69
4759	short	2025-04-09 07:00:00+07	26.89	26.89	0.00	0.00	69
5283	daily	2025-04-15 01:00:00+07	31.75	25.31	100.00	0.00	6
5284	daily	2025-04-16 01:00:00+07	36.16	26.03	100.00	0.00	6
5469	short	2025-04-14 04:00:00+07	27.27	27.27	0.00	0.00	83
1455	daily	2025-03-28 08:00:00+07	31.71	21.40	20.00	0.00	26
1456	daily	2025-03-29 08:00:00+07	21.48	14.72	53.00	0.00	26
5470	short	2025-04-14 07:00:00+07	27.84	27.84	0.00	0.00	83
5471	short	2025-04-14 10:00:00+07	32.56	32.56	0.00	0.00	83
5472	short	2025-04-14 13:00:00+07	36.66	36.66	20.00	0.00	83
5473	short	2025-04-14 16:00:00+07	34.99	34.99	12.00	0.00	83
1141	short	2025-03-24 20:00:00+07	29.21	27.36	0.00	0.00	44
1142	short	2025-03-24 23:00:00+07	26.84	26.71	0.00	0.00	44
1143	short	2025-03-25 02:00:00+07	18.67	18.67	0.00	0.00	44
1144	short	2025-03-25 05:00:00+07	17.86	17.86	0.00	0.00	44
1145	short	2025-03-25 08:00:00+07	17.55	17.55	0.00	0.00	44
1146	short	2025-03-25 11:00:00+07	17.42	17.42	0.00	0.00	44
1147	short	2025-03-25 14:00:00+07	20.11	20.11	0.00	0.00	44
1148	short	2025-03-25 17:00:00+07	29.71	29.71	0.00	0.00	44
4067	daily	2025-03-25 10:00:00+07	34.72	23.12	0.00	0.00	50
4068	daily	2025-03-26 01:00:00+07	34.70	20.63	0.00	0.00	50
4069	daily	2025-03-27 01:00:00+07	36.15	20.60	0.00	0.00	50
4070	daily	2025-03-28 01:00:00+07	32.10	21.29	34.00	0.00	50
3749	short	2025-03-25 22:00:00+07	21.63	21.63	0.00	0.00	34
3750	short	2025-03-26 01:00:00+07	20.27	20.27	0.00	0.00	34
3751	short	2025-03-26 04:00:00+07	19.35	19.35	0.00	0.00	34
3752	short	2025-03-26 07:00:00+07	21.12	21.12	0.00	0.00	34
4071	daily	2025-03-29 01:00:00+07	19.91	16.46	0.00	0.00	50
4072	daily	2025-03-30 01:00:00+07	16.35	14.47	20.00	0.00	50
4096	short	2025-03-25 13:00:00+07	37.56	31.81	0.00	0.00	27
4097	short	2025-03-25 16:00:00+07	36.55	36.55	0.00	0.00	27
4098	short	2025-03-25 19:00:00+07	27.96	27.96	0.00	0.00	27
4760	short	2025-04-09 10:00:00+07	32.37	32.37	0.00	0.00	69
4099	short	2025-03-25 22:00:00+07	25.54	25.54	0.00	0.00	27
4100	short	2025-03-26 01:00:00+07	23.30	23.30	0.00	0.00	27
4101	short	2025-03-26 04:00:00+07	22.21	22.21	0.00	0.00	27
4102	short	2025-03-26 07:00:00+07	22.58	22.58	0.00	0.00	27
5530	daily	2025-04-13 19:00:00+07	29.33	27.81	0.00	0.00	24
5531	daily	2025-04-14 01:00:00+07	36.90	26.58	97.00	0.00	24
5532	daily	2025-04-15 01:00:00+07	34.10	25.61	100.00	0.00	24
3557	daily	2025-03-25 08:00:00+07	26.56	17.42	0.00	0.00	59
3558	daily	2025-03-26 08:00:00+07	28.09	18.73	0.00	0.00	59
3559	daily	2025-03-27 08:00:00+07	31.29	21.71	37.00	0.00	59
5533	daily	2025-04-16 01:00:00+07	34.08	24.95	100.00	0.00	24
5534	daily	2025-04-17 01:00:00+07	35.98	24.65	0.00	0.00	24
5535	daily	2025-04-18 01:00:00+07	37.58	24.50	0.00	0.00	24
3969	short	2025-03-25 10:00:00+07	29.96	23.77	0.00	0.00	21
3833	short	2025-03-25 16:00:00+07	25.58	25.58	0.00	0.00	13
4718	short	2025-04-09 01:00:00+07	23.48	22.36	0.00	0.00	40
4719	short	2025-04-09 04:00:00+07	22.28	21.40	0.00	0.00	40
4720	short	2025-04-09 07:00:00+07	23.26	23.26	0.00	0.00	40
4721	short	2025-04-09 10:00:00+07	26.05	26.05	0.00	0.00	40
4722	short	2025-04-09 13:00:00+07	27.71	27.71	0.00	0.00	40
4723	short	2025-04-09 16:00:00+07	27.66	27.66	40.00	0.00	40
4193	daily	2025-03-25 13:00:00+07	35.40	25.73	0.00	0.00	54
4195	daily	2025-03-26 01:00:00+07	37.22	23.82	0.00	0.00	54
4197	daily	2025-03-27 01:00:00+07	39.14	24.73	0.00	0.00	54
4199	daily	2025-03-28 01:00:00+07	37.39	24.90	0.00	0.00	54
4201	daily	2025-03-29 01:00:00+07	36.15	26.83	41.00	0.00	54
4203	daily	2025-03-30 01:00:00+07	32.52	25.26	0.00	0.00	54
4724	short	2025-04-09 19:00:00+07	24.37	24.37	37.00	0.00	40
4725	short	2025-04-09 22:00:00+07	23.37	23.37	0.00	0.00	40
1359	short	2025-03-24 20:00:00+07	28.91	27.36	0.00	0.00	45
1360	short	2025-03-24 23:00:00+07	27.02	26.88	0.00	0.00	45
1361	short	2025-03-25 02:00:00+07	21.04	21.04	0.00	0.00	45
1363	short	2025-03-25 05:00:00+07	20.39	20.39	0.00	0.00	45
1362	daily	2025-03-24 20:00:00+07	28.91	20.39	0.00	0.00	45
1364	short	2025-03-25 08:00:00+07	19.70	19.70	0.00	0.00	45
1365	daily	2025-03-25 08:00:00+07	28.30	19.23	0.00	0.00	45
1366	short	2025-03-25 11:00:00+07	19.23	19.23	0.00	0.00	45
1367	daily	2025-03-26 08:00:00+07	28.02	19.40	0.00	0.00	45
1368	short	2025-03-25 14:00:00+07	20.75	20.75	0.00	0.00	45
1369	daily	2025-03-27 08:00:00+07	25.97	21.21	0.00	0.00	45
1370	short	2025-03-25 17:00:00+07	26.55	26.55	0.00	0.00	45
1371	daily	2025-03-28 08:00:00+07	30.10	22.00	0.00	0.00	45
1372	daily	2025-03-29 08:00:00+07	22.45	17.78	20.00	0.00	45
3835	short	2025-03-25 19:00:00+07	21.78	21.78	0.00	0.00	13
3837	short	2025-03-25 22:00:00+07	20.98	20.98	0.00	0.00	13
3839	short	2025-03-26 01:00:00+07	20.52	20.52	0.00	0.00	13
3841	short	2025-03-26 04:00:00+07	19.97	19.97	0.00	0.00	13
3842	short	2025-03-26 07:00:00+07	21.33	21.33	0.00	0.00	13
3970	short	2025-03-25 13:00:00+07	35.72	30.70	0.00	0.00	21
3971	short	2025-03-25 16:00:00+07	35.55	35.55	0.00	0.00	21
4761	short	2025-04-09 13:00:00+07	33.20	33.20	0.00	0.00	69
4762	short	2025-04-09 16:00:00+07	31.62	31.62	1.00	0.00	69
4763	short	2025-04-09 19:00:00+07	28.04	28.04	0.00	0.00	69
4764	short	2025-04-09 22:00:00+07	27.55	27.55	0.00	0.00	69
4799	daily	2025-04-09 01:00:00+07	30.14	20.99	20.00	0.00	65
4800	daily	2025-04-10 01:00:00+07	32.13	22.88	29.00	0.00	65
4801	daily	2025-04-11 01:00:00+07	30.24	23.34	51.00	0.00	65
4802	daily	2025-04-12 01:00:00+07	27.10	22.71	100.00	0.00	65
4803	daily	2025-04-13 01:00:00+07	23.15	19.65	0.00	0.00	65
5424	daily	2025-04-13 19:00:00+07	14.86	13.70	0.00	0.00	81
5425	daily	2025-04-14 01:00:00+07	25.75	12.40	0.00	0.00	81
5426	daily	2025-04-15 01:00:00+07	25.56	15.94	0.00	0.00	81
5427	daily	2025-04-16 01:00:00+07	24.99	17.46	0.00	0.00	81
5428	daily	2025-04-17 01:00:00+07	20.47	16.30	100.00	0.00	81
5429	daily	2025-04-18 01:00:00+07	23.54	15.79	29.00	0.00	81
5474	daily	2025-04-13 19:00:00+07	30.55	28.47	100.00	0.00	84
5475	daily	2025-04-14 01:00:00+07	36.66	27.27	100.00	0.00	84
5476	daily	2025-04-15 01:00:00+07	36.11	26.17	100.00	0.00	84
5477	daily	2025-04-16 01:00:00+07	33.69	26.56	100.00	0.00	84
5478	daily	2025-04-17 01:00:00+07	34.97	26.50	8.00	0.00	84
5479	daily	2025-04-18 01:00:00+07	35.57	26.62	0.00	0.00	84
4894	short	2025-04-09 22:00:00+07	14.99	14.99	0.00	0.00	51
4908	short	2025-04-09 01:00:00+07	27.84	26.70	0.00	0.00	79
4910	short	2025-04-09 04:00:00+07	26.74	25.90	0.00	0.00	79
4912	short	2025-04-09 07:00:00+07	26.37	26.37	0.00	0.00	79
4914	short	2025-04-09 10:00:00+07	31.96	31.96	0.00	0.00	79
4916	short	2025-04-09 13:00:00+07	35.44	35.44	20.00	0.00	79
4918	short	2025-04-09 16:00:00+07	34.89	34.89	86.00	0.00	79
3310	daily	2025-03-25 08:00:00+07	29.57	24.12	0.00	0.00	56
3311	daily	2025-03-26 08:00:00+07	31.02	23.50	0.00	0.00	56
3312	daily	2025-03-27 08:00:00+07	32.21	24.26	0.00	0.00	56
3313	daily	2025-03-28 08:00:00+07	33.22	24.74	0.00	0.00	56
3314	daily	2025-03-29 08:00:00+07	32.42	25.41	0.00	0.00	56
3315	short	2025-03-25 08:00:00+07	24.49	24.18	0.00	0.00	56
3316	short	2025-03-25 11:00:00+07	24.29	24.12	0.00	0.00	56
3317	short	2025-03-25 14:00:00+07	24.93	24.93	0.00	0.00	56
3318	short	2025-03-25 17:00:00+07	28.33	28.33	0.00	0.00	56
4919	short	2025-04-09 19:00:00+07	32.17	32.17	18.00	0.00	79
3319	short	2025-03-25 20:00:00+07	29.57	29.57	0.00	0.00	56
4920	short	2025-04-09 22:00:00+07	29.64	29.64	0.00	0.00	79
5536	short	2025-04-13 19:00:00+07	30.55	30.13	100.00	0.00	23
5538	short	2025-04-13 22:00:00+07	29.86	28.47	0.00	0.00	23
5540	short	2025-04-14 01:00:00+07	28.69	27.76	0.00	0.00	23
5542	short	2025-04-14 04:00:00+07	27.27	27.27	0.00	0.00	23
5544	short	2025-04-14 07:00:00+07	27.84	27.84	0.00	0.00	23
5546	short	2025-04-14 10:00:00+07	32.56	32.56	0.00	0.00	23
5548	short	2025-04-14 13:00:00+07	36.66	36.66	20.00	0.00	23
5549	short	2025-04-14 16:00:00+07	34.99	34.99	12.00	0.00	23
3320	short	2025-03-25 23:00:00+07	27.50	27.50	0.00	0.00	56
3321	short	2025-03-26 02:00:00+07	25.18	25.18	0.00	0.00	56
3322	short	2025-03-26 05:00:00+07	25.20	25.20	0.00	0.00	56
3972	short	2025-03-25 19:00:00+07	27.45	27.45	0.00	0.00	21
3973	short	2025-03-25 22:00:00+07	23.84	23.84	0.00	0.00	21
3974	short	2025-03-26 01:00:00+07	21.34	21.34	0.00	0.00	21
3975	short	2025-03-26 04:00:00+07	19.53	19.53	0.00	0.00	21
3976	short	2025-03-26 07:00:00+07	21.05	21.05	0.00	0.00	21
3633	daily	2025-03-25 10:00:00+07	28.47	25.53	0.00	0.00	60
3634	daily	2025-03-26 01:00:00+07	30.31	24.49	0.00	0.00	60
3635	daily	2025-03-27 01:00:00+07	31.54	25.11	0.00	0.00	60
3636	daily	2025-03-28 01:00:00+07	31.95	25.40	63.00	0.00	60
3637	daily	2025-03-29 01:00:00+07	31.23	26.65	89.00	0.00	60
3638	daily	2025-03-30 01:00:00+07	26.89	25.89	0.00	0.00	60
4726	short	2025-04-09 01:00:00+07	18.24	17.34	51.00	0.00	3
4728	short	2025-04-09 04:00:00+07	17.74	17.27	0.00	0.00	3
4730	short	2025-04-09 07:00:00+07	18.05	18.05	0.00	0.00	3
4732	short	2025-04-09 10:00:00+07	24.24	24.24	0.00	0.00	3
4734	short	2025-04-09 13:00:00+07	27.98	27.98	0.00	0.00	3
4736	short	2025-04-09 16:00:00+07	25.78	25.78	0.00	0.00	3
4737	short	2025-04-09 19:00:00+07	22.32	22.32	0.00	0.00	3
4738	short	2025-04-09 22:00:00+07	19.62	19.62	0.00	0.00	3
4194	short	2025-03-25 13:00:00+07	34.32	34.32	0.00	0.00	54
3753	daily	2025-03-25 10:00:00+07	32.11	21.63	0.00	0.00	34
4196	short	2025-03-25 16:00:00+07	35.40	34.68	0.00	0.00	54
4198	short	2025-03-25 19:00:00+07	31.91	30.71	0.00	0.00	54
4200	short	2025-03-25 22:00:00+07	25.73	25.73	0.00	0.00	54
4202	short	2025-03-26 01:00:00+07	24.84	24.84	0.00	0.00	54
4204	short	2025-03-26 04:00:00+07	23.82	23.82	0.00	0.00	54
4073	short	2025-03-25 10:00:00+07	28.45	23.63	0.00	0.00	50
4074	short	2025-03-25 13:00:00+07	33.74	29.57	0.00	0.00	50
4075	short	2025-03-25 16:00:00+07	34.72	34.72	0.00	0.00	50
5430	short	2025-04-13 19:00:00+07	14.86	14.86	0.00	0.00	81
3560	daily	2025-03-28 08:00:00+07	26.73	22.97	84.00	0.00	59
3561	daily	2025-03-29 08:00:00+07	27.04	22.55	100.00	0.00	59
3562	short	2025-03-25 08:00:00+07	18.35	17.78	0.00	0.00	59
3563	short	2025-03-25 11:00:00+07	17.83	17.42	0.00	0.00	59
3564	short	2025-03-25 14:00:00+07	20.05	20.05	0.00	0.00	59
3565	short	2025-03-25 17:00:00+07	25.16	25.16	0.00	0.00	59
3566	short	2025-03-25 20:00:00+07	26.56	26.56	0.00	0.00	59
3567	short	2025-03-25 23:00:00+07	24.66	24.66	0.00	0.00	59
3568	short	2025-03-26 02:00:00+07	20.28	20.28	0.00	0.00	59
4076	short	2025-03-25 19:00:00+07	26.52	26.52	0.00	0.00	50
4077	short	2025-03-25 22:00:00+07	23.12	23.12	0.00	0.00	50
4078	short	2025-03-26 01:00:00+07	21.89	21.89	0.00	0.00	50
4079	short	2025-03-26 04:00:00+07	20.63	20.63	0.00	0.00	50
4080	short	2025-03-26 07:00:00+07	21.40	21.40	0.00	0.00	50
3569	short	2025-03-26 05:00:00+07	19.61	19.61	0.00	0.00	59
3754	daily	2025-03-26 01:00:00+07	34.67	19.35	0.00	0.00	34
3755	daily	2025-03-27 01:00:00+07	41.24	22.95	0.00	0.00	34
3756	daily	2025-03-28 01:00:00+07	33.91	23.78	0.00	0.00	34
3757	daily	2025-03-29 01:00:00+07	22.95	18.34	100.00	0.00	34
3758	daily	2025-03-30 01:00:00+07	18.01	17.78	32.00	0.00	34
4103	daily	2025-03-25 10:00:00+07	37.56	24.14	0.00	0.00	27
4104	daily	2025-03-26 01:00:00+07	37.75	22.21	0.00	0.00	27
4105	daily	2025-03-27 01:00:00+07	37.86	21.28	0.00	0.00	27
4106	daily	2025-03-28 01:00:00+07	39.76	20.54	0.00	0.00	27
4107	daily	2025-03-29 01:00:00+07	30.73	17.12	0.00	0.00	27
4108	daily	2025-03-30 01:00:00+07	14.95	13.27	0.00	0.00	27
5431	short	2025-04-13 22:00:00+07	14.47	13.70	0.00	0.00	81
5432	short	2025-04-14 01:00:00+07	13.43	12.71	0.00	0.00	81
5433	short	2025-04-14 04:00:00+07	12.40	12.40	0.00	0.00	81
5434	short	2025-04-14 07:00:00+07	16.29	16.29	0.00	0.00	81
5435	short	2025-04-14 10:00:00+07	23.24	23.24	0.00	0.00	81
4205	short	2025-03-26 07:00:00+07	24.97	24.97	0.00	0.00	54
3942	daily	2025-03-25 10:00:00+07	28.82	21.18	0.00	0.00	57
3943	daily	2025-03-26 01:00:00+07	28.61	19.84	0.00	0.00	57
3945	daily	2025-03-27 01:00:00+07	30.83	20.72	0.00	0.00	57
3947	daily	2025-03-28 01:00:00+07	31.22	21.10	0.00	0.00	57
3949	daily	2025-03-29 01:00:00+07	21.89	16.81	38.00	0.00	57
3951	daily	2025-03-30 01:00:00+07	16.72	14.48	75.00	0.00	57
4765	daily	2025-04-09 01:00:00+07	31.59	22.08	38.00	0.00	16
4766	daily	2025-04-10 01:00:00+07	32.99	23.44	5.00	0.00	16
4767	daily	2025-04-11 01:00:00+07	31.49	23.67	95.00	0.00	16
4768	daily	2025-04-12 01:00:00+07	26.54	20.07	100.00	0.00	16
4769	daily	2025-04-13 01:00:00+07	24.19	18.96	2.00	0.00	16
4804	daily	2025-04-09 01:00:00+07	30.42	21.88	20.00	0.00	28
4805	daily	2025-04-10 01:00:00+07	33.45	21.16	92.00	0.00	28
4206	short	2025-03-26 10:00:00+07	31.36	31.36	0.00	0.00	54
4806	daily	2025-04-11 01:00:00+07	33.59	22.58	27.00	0.00	28
4807	daily	2025-04-12 01:00:00+07	24.78	18.34	100.00	0.00	28
4808	daily	2025-04-13 01:00:00+07	25.85	16.58	0.00	0.00	28
4843	short	2025-04-09 01:00:00+07	25.14	24.63	0.00	0.00	52
4844	short	2025-04-09 04:00:00+07	24.48	24.02	0.00	0.00	52
4845	short	2025-04-09 07:00:00+07	25.07	25.07	0.00	0.00	52
4846	short	2025-04-09 10:00:00+07	28.56	28.56	0.00	0.00	52
4847	short	2025-04-09 13:00:00+07	31.50	31.50	0.00	0.00	52
5436	short	2025-04-14 13:00:00+07	25.75	25.75	0.00	0.00	81
5437	short	2025-04-14 16:00:00+07	24.44	24.44	0.00	0.00	81
4848	short	2025-04-09 16:00:00+07	29.90	29.90	0.00	0.00	52
4849	short	2025-04-09 19:00:00+07	27.63	27.63	0.00	0.00	52
4850	short	2025-04-09 22:00:00+07	26.64	26.64	0.00	0.00	52
3977	daily	2025-03-25 10:00:00+07	35.72	23.77	0.00	0.00	21
3978	daily	2025-03-26 01:00:00+07	35.63	19.53	0.00	0.00	21
3979	daily	2025-03-27 01:00:00+07	37.49	20.23	0.00	0.00	21
3980	daily	2025-03-28 01:00:00+07	26.69	16.02	0.00	0.00	21
3981	daily	2025-03-29 01:00:00+07	16.16	12.33	23.00	0.00	21
3982	daily	2025-03-30 01:00:00+07	11.72	11.52	100.00	0.00	21
4727	daily	2025-04-09 01:00:00+07	27.98	17.27	51.00	0.00	3
4729	daily	2025-04-10 01:00:00+07	32.48	16.44	0.00	0.00	3
4731	daily	2025-04-11 01:00:00+07	31.53	17.28	0.00	0.00	3
4733	daily	2025-04-12 01:00:00+07	21.94	11.30	73.00	0.00	3
4735	daily	2025-04-13 01:00:00+07	27.68	11.26	0.00	0.00	3
4770	short	2025-04-09 01:00:00+07	23.17	22.94	0.00	0.00	16
4207	short	2025-03-25 13:00:00+07	29.72	29.72	0.00	0.00	35
4208	short	2025-03-25 16:00:00+07	28.72	26.73	0.00	0.00	35
4081	daily	2025-03-25 10:00:00+07	37.15	25.28	0.00	0.00	25
4082	daily	2025-03-26 01:00:00+07	40.55	23.21	0.00	0.00	25
4083	daily	2025-03-27 01:00:00+07	41.18	22.21	0.00	0.00	25
4084	daily	2025-03-28 01:00:00+07	37.89	23.19	0.00	0.00	25
4085	daily	2025-03-29 01:00:00+07	29.28	17.75	0.00	0.00	25
4086	daily	2025-03-30 01:00:00+07	17.97	16.65	0.00	0.00	25
4209	short	2025-03-25 19:00:00+07	20.97	16.59	0.00	0.00	35
4210	short	2025-03-25 22:00:00+07	15.71	15.71	0.00	0.00	35
4211	short	2025-03-26 01:00:00+07	15.90	15.90	0.00	0.00	35
4212	short	2025-03-26 04:00:00+07	15.57	15.57	0.00	0.00	35
4214	short	2025-03-26 07:00:00+07	19.29	19.29	0.00	0.00	35
4215	short	2025-03-26 10:00:00+07	28.85	28.85	0.00	0.00	35
4771	short	2025-04-09 04:00:00+07	22.48	22.08	0.00	0.00	16
4772	short	2025-04-09 07:00:00+07	22.32	22.32	0.00	0.00	16
4773	short	2025-04-09 10:00:00+07	26.19	26.19	0.00	0.00	16
4774	short	2025-04-09 13:00:00+07	29.26	29.26	0.00	0.00	16
4775	short	2025-04-09 16:00:00+07	31.59	31.59	0.00	0.00	16
4776	short	2025-04-09 19:00:00+07	26.91	26.91	38.00	0.00	16
3941	short	2025-03-25 10:00:00+07	26.48	22.82	0.00	0.00	57
3944	short	2025-03-25 13:00:00+07	28.82	26.21	0.00	0.00	57
3946	short	2025-03-25 16:00:00+07	26.80	26.80	0.00	0.00	57
3948	short	2025-03-25 19:00:00+07	22.17	22.17	0.00	0.00	57
3950	short	2025-03-25 22:00:00+07	21.18	21.18	0.00	0.00	57
3952	short	2025-03-26 01:00:00+07	20.58	20.58	0.00	0.00	57
3953	short	2025-03-26 04:00:00+07	19.84	19.84	0.00	0.00	57
3954	short	2025-03-26 07:00:00+07	21.20	21.20	0.00	0.00	57
4777	short	2025-04-09 22:00:00+07	24.38	24.38	0.00	0.00	16
4809	short	2025-04-09 01:00:00+07	22.06	22.00	0.00	0.00	28
4810	short	2025-04-09 04:00:00+07	21.95	21.88	0.00	0.00	28
4811	short	2025-04-09 07:00:00+07	22.70	22.70	0.00	0.00	28
4812	short	2025-04-09 10:00:00+07	25.82	25.82	20.00	0.00	28
4813	short	2025-04-09 13:00:00+07	30.42	30.42	0.00	0.00	28
4814	short	2025-04-09 16:00:00+07	29.18	29.18	0.00	0.00	28
4815	short	2025-04-09 19:00:00+07	24.51	24.51	0.00	0.00	28
4816	short	2025-04-09 22:00:00+07	22.77	22.77	0.00	0.00	28
4851	daily	2025-04-09 01:00:00+07	31.50	24.02	0.00	0.00	52
4852	daily	2025-04-10 01:00:00+07	31.52	23.07	100.00	0.00	52
4853	daily	2025-04-11 01:00:00+07	34.39	22.27	0.00	0.00	52
4854	daily	2025-04-12 01:00:00+07	24.35	13.56	100.00	0.00	52
4855	daily	2025-04-13 01:00:00+07	26.59	10.89	0.00	0.00	52
4895	daily	2025-04-09 01:00:00+07	29.75	22.66	36.00	0.00	58
4896	daily	2025-04-10 01:00:00+07	32.59	22.44	24.00	0.00	58
4897	daily	2025-04-11 01:00:00+07	32.00	23.47	38.00	0.00	58
4898	daily	2025-04-12 01:00:00+07	26.04	18.97	100.00	0.00	58
4899	daily	2025-04-13 01:00:00+07	23.33	17.80	0.00	0.00	58
4909	daily	2025-04-09 01:00:00+07	35.44	25.90	86.00	0.00	79
4911	daily	2025-04-10 01:00:00+07	34.57	26.57	94.00	0.00	79
4913	daily	2025-04-11 01:00:00+07	36.47	26.68	60.00	0.00	79
4915	daily	2025-04-12 01:00:00+07	35.45	27.47	87.00	0.00	79
4917	daily	2025-04-13 01:00:00+07	33.58	26.36	100.00	0.00	79
5537	daily	2025-04-13 19:00:00+07	30.55	28.47	100.00	0.00	23
5539	daily	2025-04-14 01:00:00+07	36.66	27.27	100.00	0.00	23
5541	daily	2025-04-15 01:00:00+07	36.11	26.17	100.00	0.00	23
5543	daily	2025-04-16 01:00:00+07	33.69	26.56	100.00	0.00	23
5545	daily	2025-04-17 01:00:00+07	34.97	26.50	8.00	0.00	23
5547	daily	2025-04-18 01:00:00+07	35.57	26.62	0.00	0.00	23
5220	short	2025-04-12 01:00:00+07	26.47	26.47	0.00	0.00	48
5221	short	2025-04-12 04:00:00+07	26.40	26.27	0.00	0.00	48
5222	short	2025-04-12 07:00:00+07	27.85	27.39	0.00	0.00	48
5223	short	2025-04-12 10:00:00+07	32.48	32.48	0.00	0.00	48
5224	short	2025-04-12 13:00:00+07	32.11	32.11	0.00	0.00	48
5225	short	2025-04-12 16:00:00+07	30.18	30.18	0.00	0.00	48
5226	short	2025-04-12 19:00:00+07	26.44	26.44	0.00	0.00	48
5227	short	2025-04-12 22:00:00+07	25.93	25.93	0.00	0.00	48
4053	short	2025-03-25 10:00:00+07	28.52	23.16	0.00	0.00	47
4054	short	2025-03-25 13:00:00+07	30.43	27.11	0.00	0.00	47
4055	short	2025-03-25 16:00:00+07	25.90	25.90	0.00	0.00	47
4056	short	2025-03-25 19:00:00+07	21.67	21.67	0.00	0.00	47
4057	short	2025-03-25 22:00:00+07	20.66	20.66	0.00	0.00	47
4058	short	2025-03-26 01:00:00+07	19.97	19.97	0.00	0.00	47
4059	short	2025-03-26 04:00:00+07	19.34	19.34	0.00	0.00	47
4060	short	2025-03-26 07:00:00+07	20.95	20.95	0.00	0.00	47
4087	short	2025-03-25 10:00:00+07	30.85	25.28	0.00	0.00	25
4088	short	2025-03-25 13:00:00+07	36.69	31.96	0.00	0.00	25
4089	short	2025-03-25 16:00:00+07	37.15	37.15	0.00	0.00	25
4090	short	2025-03-25 19:00:00+07	30.54	30.54	0.00	0.00	25
4091	short	2025-03-25 22:00:00+07	28.20	28.20	0.00	0.00	25
4092	short	2025-03-26 01:00:00+07	25.48	25.48	0.00	0.00	25
4093	short	2025-03-26 04:00:00+07	23.21	23.21	0.00	0.00	25
4094	short	2025-03-26 07:00:00+07	23.26	23.26	0.00	0.00	25
4739	daily	2025-04-09 01:00:00+07	38.31	18.26	71.00	0.00	70
4740	daily	2025-04-10 01:00:00+07	34.63	19.94	100.00	0.00	70
4741	daily	2025-04-11 01:00:00+07	28.21	21.13	100.00	0.00	70
4742	daily	2025-04-12 01:00:00+07	35.49	20.05	100.00	0.00	70
4743	daily	2025-04-13 01:00:00+07	30.93	20.09	100.00	0.00	70
4778	daily	2025-04-09 01:00:00+07	28.15	21.29	20.00	0.00	53
4779	daily	2025-04-10 01:00:00+07	32.95	21.59	81.00	0.00	53
4780	daily	2025-04-11 01:00:00+07	26.22	22.63	47.00	0.00	53
4213	daily	2025-03-25 13:00:00+07	29.72	15.71	0.00	0.00	35
4216	daily	2025-03-26 01:00:00+07	30.88	15.57	0.00	0.00	35
4217	daily	2025-03-27 01:00:00+07	29.63	17.00	100.00	0.00	35
4218	daily	2025-03-28 01:00:00+07	28.38	16.45	100.00	0.00	35
4219	daily	2025-03-29 01:00:00+07	27.74	15.88	20.00	0.00	35
4220	daily	2025-03-30 01:00:00+07	25.61	14.20	0.00	0.00	35
5522	short	2025-04-13 19:00:00+07	29.33	29.33	0.00	0.00	24
5523	short	2025-04-13 22:00:00+07	28.82	27.81	0.00	0.00	24
5524	short	2025-04-14 01:00:00+07	27.66	26.83	20.00	0.00	24
4781	daily	2025-04-12 01:00:00+07	25.54	18.69	100.00	0.00	53
4782	daily	2025-04-13 01:00:00+07	26.53	16.84	0.00	0.00	53
4817	daily	2025-04-09 01:00:00+07	27.89	20.25	20.00	0.00	46
4818	daily	2025-04-10 01:00:00+07	31.92	20.68	0.00	0.00	46
4819	daily	2025-04-11 01:00:00+07	30.46	21.15	33.00	0.00	46
4820	daily	2025-04-12 01:00:00+07	23.39	19.08	100.00	0.00	46
4821	daily	2025-04-13 01:00:00+07	21.63	16.77	0.00	0.00	46
4882	daily	2025-04-09 01:00:00+07	21.74	10.76	0.00	0.00	51
4883	daily	2025-04-10 01:00:00+07	22.33	12.32	0.00	0.00	51
4884	daily	2025-04-11 01:00:00+07	21.29	4.32	0.00	0.00	51
4692	short	2025-04-09 01:00:00+07	28.24	28.07	0.00	0.00	4
4693	short	2025-04-09 04:00:00+07	27.33	26.83	0.00	0.00	4
4694	short	2025-04-09 07:00:00+07	27.60	27.60	0.00	0.00	4
4885	daily	2025-04-12 01:00:00+07	9.95	0.27	0.00	0.00	51
4886	daily	2025-04-13 01:00:00+07	17.49	9.20	0.00	0.00	51
4900	short	2025-04-09 01:00:00+07	22.82	22.81	0.00	0.00	58
4901	short	2025-04-09 04:00:00+07	22.71	22.66	23.00	0.00	58
4902	short	2025-04-09 07:00:00+07	22.88	22.88	23.00	0.00	58
4695	short	2025-04-09 10:00:00+07	31.35	31.35	0.00	0.00	4
4696	short	2025-04-09 13:00:00+07	34.67	34.67	0.00	0.00	4
4697	short	2025-04-09 16:00:00+07	32.51	32.51	38.00	0.00	4
4698	short	2025-04-09 19:00:00+07	28.74	28.74	25.00	0.00	4
4699	short	2025-04-09 22:00:00+07	27.64	27.64	10.00	0.00	4
4903	short	2025-04-09 10:00:00+07	25.13	25.13	20.00	0.00	58
4904	short	2025-04-09 13:00:00+07	28.71	28.71	20.00	0.00	58
4905	short	2025-04-09 16:00:00+07	29.75	29.75	0.00	0.00	58
4906	short	2025-04-09 19:00:00+07	25.31	25.31	26.00	0.00	58
4907	short	2025-04-09 22:00:00+07	24.41	24.41	36.00	0.00	58
5525	short	2025-04-14 04:00:00+07	26.58	26.58	35.00	0.00	24
5526	short	2025-04-14 07:00:00+07	27.79	27.79	0.00	0.00	24
\.


--
-- Data for Name: weather_location; Type: TABLE DATA; Schema: public; Owner: postgres
--

COPY public.weather_location (id, name, latitude, longitude, country_code, is_auto_detected) FROM stdin;
1	Custom Location	15.8794000	108.3350000		f
2	Phng Khng Trung	20.9973125	105.8222383	VN	f
3	Guangnan County	24.0479436	105.0519035	CN	f
4	Go Vap District	10.8352833	106.6740656	VN	f
5	Ct Tin	11.5833100	107.3610131	VN	f
6	Bin Ha City	10.9509538	106.8226134	VN	f
7	Tn Bnh	11.1828385	106.7208700	VN	f
8	Long Bnh Ward	10.9457256	106.8775431	VN	f
9	Hanoi	21.0294498	105.8544441	VN	f
10	Custom Location	21.0278000	105.8342000		f
11	Ninh Thun	11.3083495	106.1442643	VN	f
12	Phan RangThp Chm	11.5769829	108.9865391	VN	f
13	Thi Bnh	20.4492880	106.3424893	VN	f
14	Long'an County	23.1038568	107.6946613	CN	f
15	Giang Tin	21.6781639	105.7353967	VN	f
16	Ph Yn	21.2955775	105.4848020	VN	f
17	Tn Phong	14.8702994	108.8798123	VN	f
18	X Tn Phong	10.0029798	106.4471769	VN	f
19	C Mau City	9.1792215	105.1457909	VN	f
20	Da Nang	16.0680000	108.2120000	VN	f
21	Cao Bng City	22.6657612	106.2588307	VN	f
22	C Chi District	11.0365500	106.5039095	VN	f
23	Ho Chi Minh City	10.7758439	106.7017555	VN	f
24	Bn Tre City	10.2448214	106.3734823	VN	f
25	Lo Cai	22.4997452	103.9656924	VN	f
26	H Ni	21.0283334	105.8540410	VN	f
27	Sn La	21.3274048	103.9151701	VN	f
28	H Giang	22.8264592	104.9846342	VN	f
29	Cn Th	10.0364216	105.7875219	VN	f
30	Cn Th	10.0364216	105.7875219	VN	f
31	Hi Dng City	20.9430878	106.3225388	VN	f
32	Quang Tri Town	16.7546907	107.1895518	VN	f
33	Califnia	-4.7687143	-39.0180075	BR	f
34	Vnh Phc	18.4168930	105.6953550	VN	f
35	Dalat	11.9402416	108.4375758	VN	f
36	Thanh Ha	19.8117190	105.7745698	VN	f
37	Pingding County	37.8030110	113.6246894	CN	f
38	Pingding County	37.8030110	113.6246894	CN	f
39	Bnh Thun	15.3899172	108.8145705	VN	f
40	Hue City	16.4639321	107.5863388	VN	f
41	H Nam	16.3358310	107.7706000	VN	f
42	Bc Ninh	21.1781515	106.0710078	VN	f
43	Bc Ninh	21.1781515	106.0710078	VN	f
44	Tr Mai	15.1794882	108.1289381	VN	f
45	Haiphong	20.8588640	106.6749591	VN	f
46	Lng Sn	21.8528759	106.7597458	VN	f
47	in Bin	19.8122020	105.7726705	VN	f
48	Ph Th	11.5486226	109.0281472	VN	f
49	Custom Location	10.7380736	106.6500096		f
50	Ha Bnh City	20.8130014	105.3452974	VN	f
51	Taiyuan City	37.8700090	112.5452739	CN	f
52	Guangning County	23.6348923	112.4317972	CN	f
53	Bc Kn	22.1494915	105.8372480	VN	f
54	Ty Ninh City	11.3138286	106.0964769	VN	f
55	Custom Location	11.0045386	106.6196362		f
56	Can Gio District	10.5252371	106.8808292	VN	f
57	Nam nh	20.4232641	106.1688515	VN	f
58	Tuyen Quang	21.7879695	105.2173870	VN	f
59	Qung Ngi City	15.1190037	108.8095598	VN	f
60	Bc Liu	9.2824882	105.7260685	VN	f
61	Hng Yn	9.8461252	105.0965668	VN	f
62	Hng Yn	9.8461252	105.0965668	VN	f
63	Custom Location	10.7927079	106.6600906		f
64	Lintong District	34.3684448	109.2092937	CN	f
65	Bc Giang	21.2795479	106.2038074	VN	f
66	Lai Chu City	22.3996612	103.4516882	VN	f
67	Lai Chu City	22.3996612	103.4516882	VN	f
68	Yen Bai City	21.6961100	104.8752392	VN	f
69	Gi Rai Town	9.2396617	105.4140329	VN	f
70	Kon Tum City	14.3615256	108.0039102	VN	f
71	Ba Ria City	10.4962696	107.1688433	VN	f
72	Vung Tau City	10.3486485	107.0765028	VN	f
73	Phu My	14.1752316	109.0523049	VN	f
74	X Long Bnh	9.7273293	105.6179333	VN	f
75	C Chi District	11.0370567	106.5024104	VN	f
76	Phng Tn Bnh	11.5318278	106.8929797	VN	f
77	G Vp District	10.8306171	106.6779308	VN	f
78	Custom Location	10.7839488	106.6205184		f
79	Khnh Ha	10.6846538	105.1908928	VN	f
80	Custom Location	10.7769000	106.7009000		f
81	Tongmuluo	25.9411751	111.9535396	CN	f
82	H Ch Minh City	10.7763897	106.7011391	VN	f
83	H Ch Minh City	10.7763897	106.7011391	VN	f
84	H Ch Minh City	10.7763897	106.7011391	VN	f
\.


--
-- Data for Name: weather_newsarticle; Type: TABLE DATA; Schema: public; Owner: postgres
--

COPY public.weather_newsarticle (id, title, content, published_at, image) FROM stdin;
4	Bin i Kh Hu V Nhng nh Hng n Thi Tit Vit Nam	Bin i kh hu ang tr thnh mt trong nhng thch thc ln nht i vi nhn loi trong th k 21. Ti Vit Nam, tc ng ca hin tng ny ngy cng r rt, nh hng trc tip n thi tit v i sng ngi dn. Theo cc chuyn gia, nhit  trung bnh  Vit Nam  tng khong 0,5-0,7C trong vng 50 nm qua, ko theo s gia tng ca cc hin tng thi tit cc oan nh bo, l lt, v hn hn. V d, khu vc ng bng sng Cu Long  va la ln nht c nc  ang i mt vi tnh trng ngp mn do nc bin dng. Trong khi , cc tnh min Trung lin tc hng chu nhng cn bo mnh vi tn sut v cng  ngy cng tng. Nhng thay i ny khng ch e da sn xut nng nghip m cn gy ra nhng h ly nghim trng n kinh t v sc khe cng ng. Hiu bit v bin i kh hu v tc ng ca n gip chng ta chun b tt hn cho tng lai. Hy theo di cc bi vit tip theo  cp nht thng tin v cch ng ph vi thi tit cc oan v bo v mi trng sng ca chnh mnh!	2025-04-08 19:00:00+07	climate_change_vietnam.jpg
5	Hin Tng El Nio V Tc ng n Ma Ma Vit Nam	El Nio l mt hin tng kh hu ton cu, xy ra khi nhit  b mt nc bin  Thi Bnh Dng tng bt thng. Ti Vit Nam, El Nio thng gy ra nhng thay i ng k trong m hnh thi tit, c bit l ma ma. Trong nhng nm El Nio mnh, lng ma c th gim ti 20-30%  min Bc v min Trung, dn n hn hn ko di. Ngc li, khi hin tng ny suy yu, cc cn bo v l lt li c xu hng gia tng  min Nam.\n\nNm 2023, cc nh khoa hc ghi nhn El Nio  lm tr hon ma ma  nhiu khu vc, nh hng n sn xut nng nghip v ngun nc sinh hot. Hiu r v El Nio khng ch gip nng dn iu chnh lch canh tc m cn h tr chnh quyn trong vic lp k hoch ng ph thin tai. Hy theo di d bo thi tit  cp nht tnh hnh mi nht!	2025-04-08 19:00:00+07	el_nino_effect.jpg
6	Sng M Dy c: Nguy C n Giu Trn ng Cao Tc	Sng m dy c l mt hin tng thi tit ph bin vo ma ng  min Bc Vit Nam, c bit ti cc tnh vng ni nh Lo Cai, H Giang.  m cao kt hp vi nhit  thp to ra nhng lp sng dy, gim tm nhn xung di 50 mt  mt s khu vc. Trn cc tuyn ng cao tc nh H Ni - Lo Cai, sng m  gy ra khng t v tai nn giao thng nghim trng do ti x khng kp phn ng.\n\n m bo an ton, ngi li xe nn bt n sng m, gi khong cch an ton v gim tc  khi di chuyn trong iu kin thi tit ny. Cc ng dng d bo thi tit, nh h thng ca chng ti, s cung cp cnh bo sm  bn ch ng hn trong hnh trnh ca mnh. Hy cn thn v lun u tin an ton!	2025-04-08 19:00:00+07	dense_fog_highway.jpg
7	Hn Hn  Ty Nguyn: Thch Thc Mi T Bin i Kh Hu	Ty Nguyn, vng t ni ting vi nhng cnh rng c ph bt ngn, ang i mt vi tnh trng hn hn ngy cng nghim trng do nh hng ca bin i kh hu. Trong nhng nm gn y, lng ma gim mnh, cc con sng v h cha cn kit, khin hng nghn hecta cy trng thiu nc ti tiu. Theo thng k, ma kh nm 2024  ko di hn bnh thng 2 thng, y hng trm h dn vo cnh thiu nc sinh hot.\n\nBin i kh hu khng ch l vn  ca tng lai m ang hin hu ngay hm nay.  ng ph, ngi dn cn p dng cc bin php ti tiu tit kim nc, trong khi chnh quyn cn u t vo h thng thy li bn vng. ng b l cc bi vit tip theo  bit thm cch bo v ti nguyn trc bin i kh hu!	2025-04-08 19:00:00+07	drought_tay_nguyen.jpg
8	B n Dng Sng Nc   Qung Nam	Vo u nm 2025, ngi dn Qung Nam xn xao trc hin tng dng sng Thu Bn bt ng chuyn mu  k l. Cc nh khoa hc cho rng y c th l kt qu ca to  (red algae) pht trin mnh trong iu kin nhit  cao v  nhim ngun nc. Hin tng ny khng ch l mt cnh tng thin nhin c o m cn l li cnh bo v s thay i ca mi trng do tc ng ca con ngi v kh hu.\n\nD khng gy nguy him trc tip, nc sng  c th nh hng n h sinh thi thy sinh v cht lng nc sinh hot. Cc chuyn gia khuyn ngh ngi dn hn ch s dng nc sng trong thi gian ny v theo di cht ch cc thng bo t c quan chc nng. Hy cng khm ph thm nhng b n thin nhin qua cc bi vit ca chng ti!	2025-04-08 19:00:00+07	red_river_quang_nam.jpg
\.


--
-- Data for Name: weather_openweathermapapiusage; Type: TABLE DATA; Schema: public; Owner: postgres
--

COPY public.weather_openweathermapapiusage (id, api_call_time, response_status, request_type, location_id) FROM stdin;
\.


--
-- Data for Name: weather_supplementarydata; Type: TABLE DATA; Schema: public; Owner: postgres
--

COPY public.weather_supplementarydata (id, air_quality, sunrise_time, sunset_time, moon_phase, location_id) FROM stdin;
\.


--
-- Data for Name: weather_usernewsshare; Type: TABLE DATA; Schema: public; Owner: postgres
--

COPY public.weather_usernewsshare (id, shared_at, news_article_id, user_id) FROM stdin;
\.


--
-- Data for Name: weather_userprofile; Type: TABLE DATA; Schema: public; Owner: postgres
--

COPY public.weather_userprofile (id, password, last_login, is_superuser, username, first_name, last_name, email, is_staff, is_active, date_joined, notification_settings, confirmation_token) FROM stdin;
1	pbkdf2_sha256$870000$eF1zr4Vf8wgUjVPFWgBarK$aR8hQByfeFfs3252diHLLCsQtwYlHHV7gAZ8RGBK0LY=	\N	f	testuser	Test	User	test@example.com	f	t	2025-03-18 22:30:02.207334+07	{}	9d04c7d4-83ad-4cbb-95de-1b1c36af6261
2	pbkdf2_sha256$870000$Y72mbj4hL7FrqeaBQ9Kd0z$T6nqc3K8AqNUzhVPz9sbbhIMuaZDVVg+2FII5Blbl3Y=	\N	f	testuser2	Test	User	td.dailymood@gmail.com	f	t	2025-03-18 22:33:57.192821+07	{}	\N
3	pbkdf2_sha256$870000$IGtPWq9XSb46J5O5aiLgWv$Bfl7IVwrsnlUy9uv8sMRN3p4iPgyg7SK72HQIR0ZBO0=	\N	f	testuser3	Test	User	testuser3@example.com	f	t	2025-03-19 07:34:06.813031+07	{}	\N
5	pbkdf2_sha256$870000$A2812fdrPW8A8z08KgmOcK$NP5VUFjKuP6539HaqnKMCqDW4yBLMM5JFEhFeMNugBY=	\N	f	testuser9	Test	User	testuse93@example.com	f	t	2025-04-13 14:47:26.688912+07	{}	82bd3e13-68e9-4f74-b6e1-51657841c8f7
4	pbkdf2_sha256$870000$FtKYLVlJvUcA2g4y51jr7x$S8c33HRVkQpmBdk0m44m+dxJdLl437/yr6I5wyc6sP4=	\N	f	dat1224454	Dat	Dev	ddat56910@gmail.com	f	t	2025-03-24 16:27:59.779218+07	{"fog": false, "rain": true, "storm": true, "extreme_temperature": false}	\N
\.


--
-- Data for Name: weather_userprofile_favorite_locations; Type: TABLE DATA; Schema: public; Owner: postgres
--

COPY public.weather_userprofile_favorite_locations (id, userprofile_id, location_id) FROM stdin;
2	4	4
4	4	72
5	4	20
\.


--
-- Data for Name: weather_userprofile_groups; Type: TABLE DATA; Schema: public; Owner: postgres
--

COPY public.weather_userprofile_groups (id, userprofile_id, group_id) FROM stdin;
\.


--
-- Data for Name: weather_userprofile_user_permissions; Type: TABLE DATA; Schema: public; Owner: postgres
--

COPY public.weather_userprofile_user_permissions (id, userprofile_id, permission_id) FROM stdin;
\.


--
-- Data for Name: weather_weatheralert; Type: TABLE DATA; Schema: public; Owner: postgres
--

COPY public.weather_weatheralert (id, alert_type, message, issued_at, location_id, recommendation, severity) FROM stdin;
669	flood	Flood risk in Guangning County: High rain probability (100%) expected.	2025-04-08 23:09:29.708987+07	52	Avoid low-lying areas, prepare emergency supplies.	high
28	good_weather	Great weather in C Chi District: Temperature at 27.92C, clear sky.	2025-03-23 22:14:57.626079+07	22	Perfect day for outdoor activities like hiking or picnicking!	low
438	flood	Flood risk in Bc Liu: High rain probability (89.0%) expected.	2025-03-25 07:43:01.924532+07	60	Avoid low-lying areas, prepare emergency supplies.	high
440	good_weather	Great weather in Hng Yn: Temperature at 26.37C, overcast clouds.	2025-03-25 07:43:19.893856+07	61	Perfect day for outdoor activities like hiking or picnicking!	low
689	flood	Flood risk in Tuyen Quang: High rain probability (100%) expected.	2025-04-08 23:10:00.307255+07	58	Avoid low-lying areas, prepare emergency supplies.	high
516	good_weather	Great weather in Long Bnh Ward: Temperature at 27.93C, broken clouds.	2025-03-25 10:30:53.817353+07	8	Perfect day for outdoor activities like hiking or picnicking!	low
1125	flood	Flood risk in Tongmuluo: High rain probability (100%) expected.	2025-04-13 18:28:01.759318+07	81	Avoid low-lying areas, prepare emergency supplies.	high
996	flood	Flood risk in Ph Th: High rain probability (100%) expected.	2025-04-11 23:59:04.119569+07	48	Avoid low-lying areas, prepare emergency supplies.	high
103	good_weather	Great weather in Thanh Ha: Temperature at 26.11C, clear sky.	2025-03-24 10:19:28.343772+07	36	Perfect day for outdoor activities like hiking or picnicking!	low
643	flood	Flood risk in Gi Rai Town: High rain probability (100%) expected.	2025-04-08 23:08:43.761716+07	69	Avoid low-lying areas, prepare emergency supplies.	high
17	good_weather	Great weather in Long'an County: Temperature at 24.84C, clear sky.	2025-03-20 16:46:16.194616+07	14	Perfect day for outdoor activities like hiking or picnicking!	low
18	good_weather	Great weather in Giang Tin: Temperature at 25.17C, clear sky.	2025-03-20 16:48:22.839391+07	15	Perfect day for outdoor activities like hiking or picnicking!	low
1251	flood	Flood risk in Guangnan County: High rain probability (100%) expected.	2025-04-13 18:29:51.304275+07	3	Avoid low-lying areas, prepare emergency supplies.	high
20	good_weather	Great weather in Tn Phong: Temperature at 19.6C, overcast clouds.	2025-03-20 16:51:32.902002+07	17	Perfect day for outdoor activities like hiking or picnicking!	low
21	good_weather	Great weather in X Tn Phong: Temperature at 28.3C, overcast clouds.	2025-03-20 16:52:28.311062+07	18	Perfect day for outdoor activities like hiking or picnicking!	low
396	flood	Flood risk in Custom Location: High rain probability (99.0%) expected.	2025-03-24 16:58:51.46568+07	55	Avoid low-lying areas, prepare emergency supplies.	high
104	good_weather	Great weather in Pingding County: Temperature at 17.85C, scattered clouds.	2025-03-24 10:19:37.552291+07	38	Perfect day for outdoor activities like hiking or picnicking!	low
105	good_weather	Great weather in Pingding County: Temperature at 17.85C, scattered clouds.	2025-03-24 10:19:37.552797+07	37	Perfect day for outdoor activities like hiking or picnicking!	low
25	good_weather	Great weather in Phan RangThp Chm: Temperature at 27.2C, scattered clouds.	2025-03-20 17:00:11.016401+07	12	Perfect day for outdoor activities like hiking or picnicking!	low
1255	flood	Flood risk in Bn Tre City: High rain probability (100%) expected.	2025-04-13 18:29:51.521353+07	24	Avoid low-lying areas, prepare emergency supplies.	high
108	good_weather	Great weather in Bnh Thun: Temperature at 23.23C, few clouds.	2025-03-24 10:19:39.77453+07	39	Perfect day for outdoor activities like hiking or picnicking!	low
655	flood	Flood risk in Bc Giang: High rain probability (100%) expected.	2025-04-08 23:09:22.453778+07	65	Avoid low-lying areas, prepare emergency supplies.	high
112	good_weather	Great weather in Ninh Thun: Temperature at 30.54C, broken clouds.	2025-03-24 10:19:42.550654+07	11	Perfect day for outdoor activities like hiking or picnicking!	low
121	good_weather	Great weather in H Nam: Temperature at 25.06C, broken clouds.	2025-03-24 10:21:55.828238+07	41	Perfect day for outdoor activities like hiking or picnicking!	low
429	flood	Flood risk in Qung Ngi City: High rain probability (100%) expected.	2025-03-24 22:48:37.053558+07	59	Avoid low-lying areas, prepare emergency supplies.	high
130	flood	Flood risk in Bc Ninh: High rain probability (100%) expected.	2025-03-24 10:33:59.534785+07	42	Avoid low-lying areas, prepare emergency supplies.	high
131	flood	Flood risk in Bc Ninh: High rain probability (100%) expected.	2025-03-24 10:33:59.536793+07	43	Avoid low-lying areas, prepare emergency supplies.	high
66	good_weather	Great weather in Cn Th: Temperature at 27.99C, few clouds.	2025-03-24 09:57:29.540048+07	29	Perfect day for outdoor activities like hiking or picnicking!	low
67	good_weather	Great weather in Cn Th: Temperature at 27.99C, few clouds.	2025-03-24 09:57:29.54305+07	30	Perfect day for outdoor activities like hiking or picnicking!	low
133	good_weather	Great weather in C Mau City: Temperature at 33.44C, broken clouds.	2025-03-24 10:34:03.293264+07	19	Perfect day for outdoor activities like hiking or picnicking!	low
134	good_weather	Great weather in C Mau City: Temperature at 33.44C, broken clouds.	2025-03-24 10:34:03.293264+07	19	Perfect day for outdoor activities like hiking or picnicking!	low
71	good_weather	Great weather in Quang Tri Town: Temperature at 24.84C, scattered clouds.	2025-03-24 09:59:36.884939+07	32	Perfect day for outdoor activities like hiking or picnicking!	low
72	good_weather	Great weather in Quang Tri Town: Temperature at 24.84C, scattered clouds.	2025-03-24 09:59:36.885938+07	32	Perfect day for outdoor activities like hiking or picnicking!	low
80	flood	Flood risk in Califnia: High rain probability (100%) expected.	2025-03-24 10:02:11.307293+07	33	Avoid low-lying areas, prepare emergency supplies.	high
136	flood	Flood risk in Tr Mai: High rain probability (100%) expected.	2025-03-24 10:34:40.134276+07	44	Avoid low-lying areas, prepare emergency supplies.	high
137	flood	Flood risk in Tr Mai: High rain probability (100%) expected.	2025-03-24 10:34:40.136279+07	44	Avoid low-lying areas, prepare emergency supplies.	high
138	flood	Flood risk in Tr Mai: High rain probability (100%) expected.	2025-03-24 10:34:40.138279+07	44	Avoid low-lying areas, prepare emergency supplies.	high
584	flood	Flood risk in Hi Dng City: High rain probability (100%) expected.	2025-04-08 22:47:42.294597+07	31	Avoid low-lying areas, prepare emergency supplies.	high
670	flood	Flood risk in Guangning County: High rain probability (100%) expected.	2025-04-08 23:09:29.709991+07	52	Avoid low-lying areas, prepare emergency supplies.	high
439	good_weather	Great weather in Hng Yn: Temperature at 26.37C, overcast clouds.	2025-03-25 07:43:19.875054+07	62	Perfect day for outdoor activities like hiking or picnicking!	low
146	good_weather	Great weather in Haiphong: Temperature at 27.71C, clear sky.	2025-03-24 10:38:48.033557+07	45	Perfect day for outdoor activities like hiking or picnicking!	low
442	flood	Flood risk in Vnh Phc: High rain probability (100%) expected.	2025-03-25 07:44:11.363231+07	34	Avoid low-lying areas, prepare emergency supplies.	high
690	good_weather	Great weather in Taiyuan City: Temperature at 9.94C, clear sky.	2025-04-08 23:10:11.168995+07	51	Perfect day for outdoor activities!	low
181	flood	Flood risk in Custom Location: High rain probability (100%) expected.	2025-03-24 11:09:06.811962+07	49	Avoid low-lying areas, prepare emergency supplies.	high
694	flood	Flood risk in Khnh Ha: High rain probability (100%) expected.	2025-04-08 23:10:18.27886+07	79	Avoid low-lying areas, prepare emergency supplies.	high
154	good_weather	Great weather in H Ni: Temperature at 24.97C, clear sky.	2025-03-24 10:50:05.945987+07	26	Perfect day for outdoor activities like hiking or picnicking!	low
1036	flood	Flood risk in Bin Ha City: High rain probability (100%) expected.	2025-04-12 00:03:38.502988+07	6	Avoid low-lying areas, prepare emergency supplies.	high
448	flood	Flood risk in Thi Bnh: High rain probability (100%) expected.	2025-03-25 07:45:54.483539+07	13	Avoid low-lying areas, prepare emergency supplies.	high
640	flood	Flood risk in Kon Tum City: High rain probability (100%) expected.	2025-04-08 23:08:05.970392+07	70	Avoid low-lying areas, prepare emergency supplies.	high
644	flood	Flood risk in Gi Rai Town: High rain probability (100%) expected.	2025-04-08 23:08:43.762714+07	69	Avoid low-lying areas, prepare emergency supplies.	high
648	flood	Flood risk in Ph Yn: High rain probability (100%) expected.	2025-04-08 23:08:49.409957+07	16	Avoid low-lying areas, prepare emergency supplies.	high
453	good_weather	Great weather in Custom Location: Temperature at 25.59C, broken clouds.	2025-03-25 07:47:14.598671+07	63	Perfect day for outdoor activities like hiking or picnicking!	low
652	flood	Flood risk in Bc Kn: High rain probability (100%) expected.	2025-04-08 23:09:19.807956+07	53	Avoid low-lying areas, prepare emergency supplies.	high
656	flood	Flood risk in Bc Giang: High rain probability (100%) expected.	2025-04-08 23:09:22.457303+07	65	Avoid low-lying areas, prepare emergency supplies.	high
660	flood	Flood risk in H Giang: High rain probability (100%) expected.	2025-04-08 23:09:24.374711+07	28	Avoid low-lying areas, prepare emergency supplies.	high
404	good_weather	Great weather in Can Gio District: Temperature at 24.64C, scattered clouds.	2025-03-24 22:04:04.746582+07	56	Perfect day for outdoor activities like hiking or picnicking!	low
461	good_weather	Great weather in Nam nh: Temperature at 23.15C, clear sky.	2025-03-25 07:58:35.411229+07	57	Perfect day for outdoor activities like hiking or picnicking!	low
1154	flood	Flood risk in H Ch Minh City: High rain probability (100%) expected.	2025-04-13 18:28:36.591588+07	83	Avoid low-lying areas, prepare emergency supplies.	high
1256	flood	Flood risk in Ho Chi Minh City: High rain probability (100%) expected.	2025-04-13 18:29:51.543682+07	23	Avoid low-lying areas, prepare emergency supplies.	high
472	flood	Flood risk in Cao Bng City: High rain probability (100%) expected.	2025-03-25 08:07:36.95519+07	21	Avoid low-lying areas, prepare emergency supplies.	high
489	good_weather	Great weather in in Bin: Temperature at 23.36C, clear sky.	2025-03-25 08:07:46.57698+07	47	Perfect day for outdoor activities like hiking or picnicking!	low
490	good_weather	Great weather in in Bin: Temperature at 23.36C, clear sky.	2025-03-25 08:07:46.57698+07	47	Perfect day for outdoor activities like hiking or picnicking!	low
491	good_weather	Great weather in in Bin: Temperature at 23.36C, clear sky.	2025-03-25 08:07:46.583424+07	47	Perfect day for outdoor activities like hiking or picnicking!	low
493	good_weather	Great weather in Ha Bnh City: Temperature at 23.76C, clear sky.	2025-03-25 08:07:47.459653+07	50	Perfect day for outdoor activities like hiking or picnicking!	low
494	good_weather	Great weather in Ha Bnh City: Temperature at 23.76C, clear sky.	2025-03-25 08:07:47.459653+07	50	Perfect day for outdoor activities like hiking or picnicking!	low
499	good_weather	Great weather in Sn La: Temperature at 24.24C, light rain.	2025-03-25 08:07:51.805659+07	27	Perfect day for outdoor activities like hiking or picnicking!	low
938	flood	Flood risk in G Vp District: High rain probability (100%) expected.	2025-04-08 23:32:24.949226+07	77	Avoid low-lying areas, prepare emergency supplies.	high
671	flood	Flood risk in Guangning County: High rain probability (100%) expected.	2025-04-08 23:09:29.709991+07	52	Avoid low-lying areas, prepare emergency supplies.	high
1037	flood	Flood risk in Custom Location: High rain probability (100%) expected.	2025-04-12 00:06:10.010667+07	78	Avoid low-lying areas, prepare emergency supplies.	high
1115	flood	Flood risk in Vung Tau City: High rain probability (100%) expected.	2025-04-13 18:27:58.466844+07	72	Avoid low-lying areas, prepare emergency supplies.	high
629	flood	Flood risk in Hue City: High rain probability (100%) expected.	2025-04-08 23:07:02.955443+07	40	Avoid low-lying areas, prepare emergency supplies.	high
1249	flood	Flood risk in Da Nang: High rain probability (99.0%) expected.	2025-04-13 18:29:51.276871+07	20	Avoid low-lying areas, prepare emergency supplies.	high
1155	flood	Flood risk in H Ch Minh City: High rain probability (100%) expected.	2025-04-13 18:28:36.605424+07	82	Avoid low-lying areas, prepare emergency supplies.	high
1253	good_weather	Great weather in Lo Cai: Temperature at 20.16C, overcast clouds.	2025-04-13 18:29:51.46266+07	25	Perfect day for outdoor activities!	low
1257	flood	Flood risk in Ho Chi Minh City: High rain probability (100%) expected.	2025-04-13 18:29:51.544683+07	23	Avoid low-lying areas, prepare emergency supplies.	high
664	flood	Flood risk in Lng Sn: High rain probability (100%) expected.	2025-04-08 23:09:25.929006+07	46	Avoid low-lying areas, prepare emergency supplies.	high
939	flood	Flood risk in G Vp District: High rain probability (100%) expected.	2025-04-08 23:32:24.949226+07	77	Avoid low-lying areas, prepare emergency supplies.	high
672	flood	Flood risk in Guangning County: High rain probability (100%) expected.	2025-04-08 23:09:29.712357+07	52	Avoid low-lying areas, prepare emergency supplies.	high
525	good_weather	Great weather in Ty Ninh City: Temperature at 34.32C, broken clouds.	2025-03-25 12:32:06.773692+07	54	Perfect day for outdoor activities like hiking or picnicking!	low
526	flood	Flood risk in Dalat: High rain probability (100%) expected.	2025-03-25 12:32:16.401427+07	35	Avoid low-lying areas, prepare emergency supplies.	high
618	flood	Flood risk in Go Vap District: High rain probability (100%) expected.	2025-04-08 23:06:18.490927+07	4	Avoid low-lying areas, prepare emergency supplies.	high
1124	flood	Flood risk in Tongmuluo: High rain probability (100%) expected.	2025-04-13 18:28:01.758313+07	81	Avoid low-lying areas, prepare emergency supplies.	high
630	flood	Flood risk in Hue City: High rain probability (100%) expected.	2025-04-08 23:07:02.959338+07	40	Avoid low-lying areas, prepare emergency supplies.	high
654	flood	Flood risk in Bc Giang: High rain probability (100%) expected.	2025-04-08 23:09:22.453778+07	65	Avoid low-lying areas, prepare emergency supplies.	high
1250	good_weather	Great weather in Hanoi: Temperature at 23.97C, overcast clouds.	2025-04-13 18:29:51.276871+07	9	Perfect day for outdoor activities!	low
914	flood	Flood risk in Custom Location: High rain probability (93.0%) expected.	2025-04-08 23:31:35.954307+07	80	Avoid low-lying areas, prepare emergency supplies.	high
1156	flood	Flood risk in H Ch Minh City: High rain probability (100%) expected.	2025-04-13 18:28:36.617053+07	84	Avoid low-lying areas, prepare emergency supplies.	high
\.


--
-- Name: auth_group_id_seq; Type: SEQUENCE SET; Schema: public; Owner: postgres
--

SELECT pg_catalog.setval('public.auth_group_id_seq', 1, false);


--
-- Name: auth_group_permissions_id_seq; Type: SEQUENCE SET; Schema: public; Owner: postgres
--

SELECT pg_catalog.setval('public.auth_group_permissions_id_seq', 1, false);


--
-- Name: auth_permission_id_seq; Type: SEQUENCE SET; Schema: public; Owner: postgres
--

SELECT pg_catalog.setval('public.auth_permission_id_seq', 64, true);


--
-- Name: django_admin_log_id_seq; Type: SEQUENCE SET; Schema: public; Owner: postgres
--

SELECT pg_catalog.setval('public.django_admin_log_id_seq', 1, false);


--
-- Name: django_content_type_id_seq; Type: SEQUENCE SET; Schema: public; Owner: postgres
--

SELECT pg_catalog.setval('public.django_content_type_id_seq', 16, true);


--
-- Name: django_migrations_id_seq; Type: SEQUENCE SET; Schema: public; Owner: postgres
--

SELECT pg_catalog.setval('public.django_migrations_id_seq', 25, true);


--
-- Name: weather_currentweather_id_seq; Type: SEQUENCE SET; Schema: public; Owner: postgres
--

SELECT pg_catalog.setval('public.weather_currentweather_id_seq', 101, true);


--
-- Name: weather_forecast_id_seq; Type: SEQUENCE SET; Schema: public; Owner: postgres
--

SELECT pg_catalog.setval('public.weather_forecast_id_seq', 5549, true);


--
-- Name: weather_location_id_seq; Type: SEQUENCE SET; Schema: public; Owner: postgres
--

SELECT pg_catalog.setval('public.weather_location_id_seq', 84, true);


--
-- Name: weather_newsarticle_id_seq; Type: SEQUENCE SET; Schema: public; Owner: postgres
--

SELECT pg_catalog.setval('public.weather_newsarticle_id_seq', 8, true);


--
-- Name: weather_openweathermapapiusage_id_seq; Type: SEQUENCE SET; Schema: public; Owner: postgres
--

SELECT pg_catalog.setval('public.weather_openweathermapapiusage_id_seq', 1, false);


--
-- Name: weather_supplementarydata_id_seq; Type: SEQUENCE SET; Schema: public; Owner: postgres
--

SELECT pg_catalog.setval('public.weather_supplementarydata_id_seq', 1, false);


--
-- Name: weather_usernewsshare_id_seq; Type: SEQUENCE SET; Schema: public; Owner: postgres
--

SELECT pg_catalog.setval('public.weather_usernewsshare_id_seq', 1, false);


--
-- Name: weather_userprofile_favorite_locations_id_seq; Type: SEQUENCE SET; Schema: public; Owner: postgres
--

SELECT pg_catalog.setval('public.weather_userprofile_favorite_locations_id_seq', 5, true);


--
-- Name: weather_userprofile_groups_id_seq; Type: SEQUENCE SET; Schema: public; Owner: postgres
--

SELECT pg_catalog.setval('public.weather_userprofile_groups_id_seq', 1, false);


--
-- Name: weather_userprofile_id_seq; Type: SEQUENCE SET; Schema: public; Owner: postgres
--

SELECT pg_catalog.setval('public.weather_userprofile_id_seq', 5, true);


--
-- Name: weather_userprofile_user_permissions_id_seq; Type: SEQUENCE SET; Schema: public; Owner: postgres
--

SELECT pg_catalog.setval('public.weather_userprofile_user_permissions_id_seq', 1, false);


--
-- Name: weather_weatheralert_id_seq; Type: SEQUENCE SET; Schema: public; Owner: postgres
--

SELECT pg_catalog.setval('public.weather_weatheralert_id_seq', 1257, true);


--
-- Name: auth_group auth_group_name_key; Type: CONSTRAINT; Schema: public; Owner: postgres
--

ALTER TABLE ONLY public.auth_group
    ADD CONSTRAINT auth_group_name_key UNIQUE (name);


--
-- Name: auth_group_permissions auth_group_permissions_group_id_permission_id_0cd325b0_uniq; Type: CONSTRAINT; Schema: public; Owner: postgres
--

ALTER TABLE ONLY public.auth_group_permissions
    ADD CONSTRAINT auth_group_permissions_group_id_permission_id_0cd325b0_uniq UNIQUE (group_id, permission_id);


--
-- Name: auth_group_permissions auth_group_permissions_pkey; Type: CONSTRAINT; Schema: public; Owner: postgres
--

ALTER TABLE ONLY public.auth_group_permissions
    ADD CONSTRAINT auth_group_permissions_pkey PRIMARY KEY (id);


--
-- Name: auth_group auth_group_pkey; Type: CONSTRAINT; Schema: public; Owner: postgres
--

ALTER TABLE ONLY public.auth_group
    ADD CONSTRAINT auth_group_pkey PRIMARY KEY (id);


--
-- Name: auth_permission auth_permission_content_type_id_codename_01ab375a_uniq; Type: CONSTRAINT; Schema: public; Owner: postgres
--

ALTER TABLE ONLY public.auth_permission
    ADD CONSTRAINT auth_permission_content_type_id_codename_01ab375a_uniq UNIQUE (content_type_id, codename);


--
-- Name: auth_permission auth_permission_pkey; Type: CONSTRAINT; Schema: public; Owner: postgres
--

ALTER TABLE ONLY public.auth_permission
    ADD CONSTRAINT auth_permission_pkey PRIMARY KEY (id);


--
-- Name: authtoken_token authtoken_token_pkey; Type: CONSTRAINT; Schema: public; Owner: postgres
--

ALTER TABLE ONLY public.authtoken_token
    ADD CONSTRAINT authtoken_token_pkey PRIMARY KEY (key);


--
-- Name: authtoken_token authtoken_token_user_id_key; Type: CONSTRAINT; Schema: public; Owner: postgres
--

ALTER TABLE ONLY public.authtoken_token
    ADD CONSTRAINT authtoken_token_user_id_key UNIQUE (user_id);


--
-- Name: django_admin_log django_admin_log_pkey; Type: CONSTRAINT; Schema: public; Owner: postgres
--

ALTER TABLE ONLY public.django_admin_log
    ADD CONSTRAINT django_admin_log_pkey PRIMARY KEY (id);


--
-- Name: django_content_type django_content_type_app_label_model_76bd3d3b_uniq; Type: CONSTRAINT; Schema: public; Owner: postgres
--

ALTER TABLE ONLY public.django_content_type
    ADD CONSTRAINT django_content_type_app_label_model_76bd3d3b_uniq UNIQUE (app_label, model);


--
-- Name: django_content_type django_content_type_pkey; Type: CONSTRAINT; Schema: public; Owner: postgres
--

ALTER TABLE ONLY public.django_content_type
    ADD CONSTRAINT django_content_type_pkey PRIMARY KEY (id);


--
-- Name: django_migrations django_migrations_pkey; Type: CONSTRAINT; Schema: public; Owner: postgres
--

ALTER TABLE ONLY public.django_migrations
    ADD CONSTRAINT django_migrations_pkey PRIMARY KEY (id);


--
-- Name: django_session django_session_pkey; Type: CONSTRAINT; Schema: public; Owner: postgres
--

ALTER TABLE ONLY public.django_session
    ADD CONSTRAINT django_session_pkey PRIMARY KEY (session_key);


--
-- Name: weather_currentweather weather_currentweather_pkey; Type: CONSTRAINT; Schema: public; Owner: postgres
--

ALTER TABLE ONLY public.weather_currentweather
    ADD CONSTRAINT weather_currentweather_pkey PRIMARY KEY (id);


--
-- Name: weather_forecast weather_forecast_pkey; Type: CONSTRAINT; Schema: public; Owner: postgres
--

ALTER TABLE ONLY public.weather_forecast
    ADD CONSTRAINT weather_forecast_pkey PRIMARY KEY (id);


--
-- Name: weather_location weather_location_pkey; Type: CONSTRAINT; Schema: public; Owner: postgres
--

ALTER TABLE ONLY public.weather_location
    ADD CONSTRAINT weather_location_pkey PRIMARY KEY (id);


--
-- Name: weather_newsarticle weather_newsarticle_pkey; Type: CONSTRAINT; Schema: public; Owner: postgres
--

ALTER TABLE ONLY public.weather_newsarticle
    ADD CONSTRAINT weather_newsarticle_pkey PRIMARY KEY (id);


--
-- Name: weather_openweathermapapiusage weather_openweathermapapiusage_pkey; Type: CONSTRAINT; Schema: public; Owner: postgres
--

ALTER TABLE ONLY public.weather_openweathermapapiusage
    ADD CONSTRAINT weather_openweathermapapiusage_pkey PRIMARY KEY (id);


--
-- Name: weather_supplementarydata weather_supplementarydata_pkey; Type: CONSTRAINT; Schema: public; Owner: postgres
--

ALTER TABLE ONLY public.weather_supplementarydata
    ADD CONSTRAINT weather_supplementarydata_pkey PRIMARY KEY (id);


--
-- Name: weather_usernewsshare weather_usernewsshare_pkey; Type: CONSTRAINT; Schema: public; Owner: postgres
--

ALTER TABLE ONLY public.weather_usernewsshare
    ADD CONSTRAINT weather_usernewsshare_pkey PRIMARY KEY (id);


--
-- Name: weather_userprofile_favorite_locations weather_userprofile_favo_userprofile_id_location__c41948e4_uniq; Type: CONSTRAINT; Schema: public; Owner: postgres
--

ALTER TABLE ONLY public.weather_userprofile_favorite_locations
    ADD CONSTRAINT weather_userprofile_favo_userprofile_id_location__c41948e4_uniq UNIQUE (userprofile_id, location_id);


--
-- Name: weather_userprofile_favorite_locations weather_userprofile_favorite_locations_pkey; Type: CONSTRAINT; Schema: public; Owner: postgres
--

ALTER TABLE ONLY public.weather_userprofile_favorite_locations
    ADD CONSTRAINT weather_userprofile_favorite_locations_pkey PRIMARY KEY (id);


--
-- Name: weather_userprofile_groups weather_userprofile_grou_userprofile_id_group_id_5b3f3d1c_uniq; Type: CONSTRAINT; Schema: public; Owner: postgres
--

ALTER TABLE ONLY public.weather_userprofile_groups
    ADD CONSTRAINT weather_userprofile_grou_userprofile_id_group_id_5b3f3d1c_uniq UNIQUE (userprofile_id, group_id);


--
-- Name: weather_userprofile_groups weather_userprofile_groups_pkey; Type: CONSTRAINT; Schema: public; Owner: postgres
--

ALTER TABLE ONLY public.weather_userprofile_groups
    ADD CONSTRAINT weather_userprofile_groups_pkey PRIMARY KEY (id);


--
-- Name: weather_userprofile weather_userprofile_pkey; Type: CONSTRAINT; Schema: public; Owner: postgres
--

ALTER TABLE ONLY public.weather_userprofile
    ADD CONSTRAINT weather_userprofile_pkey PRIMARY KEY (id);


--
-- Name: weather_userprofile_user_permissions weather_userprofile_user_permissions_pkey; Type: CONSTRAINT; Schema: public; Owner: postgres
--

ALTER TABLE ONLY public.weather_userprofile_user_permissions
    ADD CONSTRAINT weather_userprofile_user_permissions_pkey PRIMARY KEY (id);


--
-- Name: weather_userprofile_user_permissions weather_userprofile_user_userprofile_id_permissio_d08a97d0_uniq; Type: CONSTRAINT; Schema: public; Owner: postgres
--

ALTER TABLE ONLY public.weather_userprofile_user_permissions
    ADD CONSTRAINT weather_userprofile_user_userprofile_id_permissio_d08a97d0_uniq UNIQUE (userprofile_id, permission_id);


--
-- Name: weather_userprofile weather_userprofile_username_key; Type: CONSTRAINT; Schema: public; Owner: postgres
--

ALTER TABLE ONLY public.weather_userprofile
    ADD CONSTRAINT weather_userprofile_username_key UNIQUE (username);


--
-- Name: weather_weatheralert weather_weatheralert_pkey; Type: CONSTRAINT; Schema: public; Owner: postgres
--

ALTER TABLE ONLY public.weather_weatheralert
    ADD CONSTRAINT weather_weatheralert_pkey PRIMARY KEY (id);


--
-- Name: auth_group_name_a6ea08ec_like; Type: INDEX; Schema: public; Owner: postgres
--

CREATE INDEX auth_group_name_a6ea08ec_like ON public.auth_group USING btree (name varchar_pattern_ops);


--
-- Name: auth_group_permissions_group_id_b120cbf9; Type: INDEX; Schema: public; Owner: postgres
--

CREATE INDEX auth_group_permissions_group_id_b120cbf9 ON public.auth_group_permissions USING btree (group_id);


--
-- Name: auth_group_permissions_permission_id_84c5c92e; Type: INDEX; Schema: public; Owner: postgres
--

CREATE INDEX auth_group_permissions_permission_id_84c5c92e ON public.auth_group_permissions USING btree (permission_id);


--
-- Name: auth_permission_content_type_id_2f476e4b; Type: INDEX; Schema: public; Owner: postgres
--

CREATE INDEX auth_permission_content_type_id_2f476e4b ON public.auth_permission USING btree (content_type_id);


--
-- Name: authtoken_token_key_10f0b77e_like; Type: INDEX; Schema: public; Owner: postgres
--

CREATE INDEX authtoken_token_key_10f0b77e_like ON public.authtoken_token USING btree (key varchar_pattern_ops);


--
-- Name: django_admin_log_content_type_id_c4bce8eb; Type: INDEX; Schema: public; Owner: postgres
--

CREATE INDEX django_admin_log_content_type_id_c4bce8eb ON public.django_admin_log USING btree (content_type_id);


--
-- Name: django_admin_log_user_id_c564eba6; Type: INDEX; Schema: public; Owner: postgres
--

CREATE INDEX django_admin_log_user_id_c564eba6 ON public.django_admin_log USING btree (user_id);


--
-- Name: django_session_expire_date_a5c62663; Type: INDEX; Schema: public; Owner: postgres
--

CREATE INDEX django_session_expire_date_a5c62663 ON public.django_session USING btree (expire_date);


--
-- Name: django_session_session_key_c0390e0f_like; Type: INDEX; Schema: public; Owner: postgres
--

CREATE INDEX django_session_session_key_c0390e0f_like ON public.django_session USING btree (session_key varchar_pattern_ops);


--
-- Name: weather_currentweather_location_id_50391663; Type: INDEX; Schema: public; Owner: postgres
--

CREATE INDEX weather_currentweather_location_id_50391663 ON public.weather_currentweather USING btree (location_id);


--
-- Name: weather_forecast_location_id_7e7ac02d; Type: INDEX; Schema: public; Owner: postgres
--

CREATE INDEX weather_forecast_location_id_7e7ac02d ON public.weather_forecast USING btree (location_id);


--
-- Name: weather_openweathermapapiusage_location_id_89708e7b; Type: INDEX; Schema: public; Owner: postgres
--

CREATE INDEX weather_openweathermapapiusage_location_id_89708e7b ON public.weather_openweathermapapiusage USING btree (location_id);


--
-- Name: weather_supplementarydata_location_id_be96fb32; Type: INDEX; Schema: public; Owner: postgres
--

CREATE INDEX weather_supplementarydata_location_id_be96fb32 ON public.weather_supplementarydata USING btree (location_id);


--
-- Name: weather_usernewsshare_news_article_id_1930b629; Type: INDEX; Schema: public; Owner: postgres
--

CREATE INDEX weather_usernewsshare_news_article_id_1930b629 ON public.weather_usernewsshare USING btree (news_article_id);


--
-- Name: weather_usernewsshare_user_id_d86ccfb8; Type: INDEX; Schema: public; Owner: postgres
--

CREATE INDEX weather_usernewsshare_user_id_d86ccfb8 ON public.weather_usernewsshare USING btree (user_id);


--
-- Name: weather_userprofile_favorite_locations_location_id_abc97051; Type: INDEX; Schema: public; Owner: postgres
--

CREATE INDEX weather_userprofile_favorite_locations_location_id_abc97051 ON public.weather_userprofile_favorite_locations USING btree (location_id);


--
-- Name: weather_userprofile_favorite_locations_userprofile_id_87ef1822; Type: INDEX; Schema: public; Owner: postgres
--

CREATE INDEX weather_userprofile_favorite_locations_userprofile_id_87ef1822 ON public.weather_userprofile_favorite_locations USING btree (userprofile_id);


--
-- Name: weather_userprofile_groups_group_id_73ef5c7b; Type: INDEX; Schema: public; Owner: postgres
--

CREATE INDEX weather_userprofile_groups_group_id_73ef5c7b ON public.weather_userprofile_groups USING btree (group_id);


--
-- Name: weather_userprofile_groups_userprofile_id_8adbeff6; Type: INDEX; Schema: public; Owner: postgres
--

CREATE INDEX weather_userprofile_groups_userprofile_id_8adbeff6 ON public.weather_userprofile_groups USING btree (userprofile_id);


--
-- Name: weather_userprofile_user_permissions_permission_id_29e58481; Type: INDEX; Schema: public; Owner: postgres
--

CREATE INDEX weather_userprofile_user_permissions_permission_id_29e58481 ON public.weather_userprofile_user_permissions USING btree (permission_id);


--
-- Name: weather_userprofile_user_permissions_userprofile_id_2b3e31f2; Type: INDEX; Schema: public; Owner: postgres
--

CREATE INDEX weather_userprofile_user_permissions_userprofile_id_2b3e31f2 ON public.weather_userprofile_user_permissions USING btree (userprofile_id);


--
-- Name: weather_userprofile_username_e6285e8e_like; Type: INDEX; Schema: public; Owner: postgres
--

CREATE INDEX weather_userprofile_username_e6285e8e_like ON public.weather_userprofile USING btree (username varchar_pattern_ops);


--
-- Name: weather_weatheralert_location_id_2052f040; Type: INDEX; Schema: public; Owner: postgres
--

CREATE INDEX weather_weatheralert_location_id_2052f040 ON public.weather_weatheralert USING btree (location_id);


--
-- Name: auth_group_permissions auth_group_permissio_permission_id_84c5c92e_fk_auth_perm; Type: FK CONSTRAINT; Schema: public; Owner: postgres
--

ALTER TABLE ONLY public.auth_group_permissions
    ADD CONSTRAINT auth_group_permissio_permission_id_84c5c92e_fk_auth_perm FOREIGN KEY (permission_id) REFERENCES public.auth_permission(id) DEFERRABLE INITIALLY DEFERRED;


--
-- Name: auth_group_permissions auth_group_permissions_group_id_b120cbf9_fk_auth_group_id; Type: FK CONSTRAINT; Schema: public; Owner: postgres
--

ALTER TABLE ONLY public.auth_group_permissions
    ADD CONSTRAINT auth_group_permissions_group_id_b120cbf9_fk_auth_group_id FOREIGN KEY (group_id) REFERENCES public.auth_group(id) DEFERRABLE INITIALLY DEFERRED;


--
-- Name: auth_permission auth_permission_content_type_id_2f476e4b_fk_django_co; Type: FK CONSTRAINT; Schema: public; Owner: postgres
--

ALTER TABLE ONLY public.auth_permission
    ADD CONSTRAINT auth_permission_content_type_id_2f476e4b_fk_django_co FOREIGN KEY (content_type_id) REFERENCES public.django_content_type(id) DEFERRABLE INITIALLY DEFERRED;


--
-- Name: authtoken_token authtoken_token_user_id_35299eff_fk_weather_userprofile_id; Type: FK CONSTRAINT; Schema: public; Owner: postgres
--

ALTER TABLE ONLY public.authtoken_token
    ADD CONSTRAINT authtoken_token_user_id_35299eff_fk_weather_userprofile_id FOREIGN KEY (user_id) REFERENCES public.weather_userprofile(id) DEFERRABLE INITIALLY DEFERRED;


--
-- Name: django_admin_log django_admin_log_content_type_id_c4bce8eb_fk_django_co; Type: FK CONSTRAINT; Schema: public; Owner: postgres
--

ALTER TABLE ONLY public.django_admin_log
    ADD CONSTRAINT django_admin_log_content_type_id_c4bce8eb_fk_django_co FOREIGN KEY (content_type_id) REFERENCES public.django_content_type(id) DEFERRABLE INITIALLY DEFERRED;


--
-- Name: django_admin_log django_admin_log_user_id_c564eba6_fk_weather_userprofile_id; Type: FK CONSTRAINT; Schema: public; Owner: postgres
--

ALTER TABLE ONLY public.django_admin_log
    ADD CONSTRAINT django_admin_log_user_id_c564eba6_fk_weather_userprofile_id FOREIGN KEY (user_id) REFERENCES public.weather_userprofile(id) DEFERRABLE INITIALLY DEFERRED;


--
-- Name: weather_currentweather weather_currentweath_location_id_50391663_fk_weather_l; Type: FK CONSTRAINT; Schema: public; Owner: postgres
--

ALTER TABLE ONLY public.weather_currentweather
    ADD CONSTRAINT weather_currentweath_location_id_50391663_fk_weather_l FOREIGN KEY (location_id) REFERENCES public.weather_location(id) DEFERRABLE INITIALLY DEFERRED;


--
-- Name: weather_forecast weather_forecast_location_id_7e7ac02d_fk_weather_location_id; Type: FK CONSTRAINT; Schema: public; Owner: postgres
--

ALTER TABLE ONLY public.weather_forecast
    ADD CONSTRAINT weather_forecast_location_id_7e7ac02d_fk_weather_location_id FOREIGN KEY (location_id) REFERENCES public.weather_location(id) DEFERRABLE INITIALLY DEFERRED;


--
-- Name: weather_openweathermapapiusage weather_openweatherm_location_id_89708e7b_fk_weather_l; Type: FK CONSTRAINT; Schema: public; Owner: postgres
--

ALTER TABLE ONLY public.weather_openweathermapapiusage
    ADD CONSTRAINT weather_openweatherm_location_id_89708e7b_fk_weather_l FOREIGN KEY (location_id) REFERENCES public.weather_location(id) DEFERRABLE INITIALLY DEFERRED;


--
-- Name: weather_supplementarydata weather_supplementar_location_id_be96fb32_fk_weather_l; Type: FK CONSTRAINT; Schema: public; Owner: postgres
--

ALTER TABLE ONLY public.weather_supplementarydata
    ADD CONSTRAINT weather_supplementar_location_id_be96fb32_fk_weather_l FOREIGN KEY (location_id) REFERENCES public.weather_location(id) DEFERRABLE INITIALLY DEFERRED;


--
-- Name: weather_usernewsshare weather_usernewsshar_news_article_id_1930b629_fk_weather_n; Type: FK CONSTRAINT; Schema: public; Owner: postgres
--

ALTER TABLE ONLY public.weather_usernewsshare
    ADD CONSTRAINT weather_usernewsshar_news_article_id_1930b629_fk_weather_n FOREIGN KEY (news_article_id) REFERENCES public.weather_newsarticle(id) DEFERRABLE INITIALLY DEFERRED;


--
-- Name: weather_usernewsshare weather_usernewsshar_user_id_d86ccfb8_fk_weather_u; Type: FK CONSTRAINT; Schema: public; Owner: postgres
--

ALTER TABLE ONLY public.weather_usernewsshare
    ADD CONSTRAINT weather_usernewsshar_user_id_d86ccfb8_fk_weather_u FOREIGN KEY (user_id) REFERENCES public.weather_userprofile(id) DEFERRABLE INITIALLY DEFERRED;


--
-- Name: weather_userprofile_favorite_locations weather_userprofile__location_id_abc97051_fk_weather_l; Type: FK CONSTRAINT; Schema: public; Owner: postgres
--

ALTER TABLE ONLY public.weather_userprofile_favorite_locations
    ADD CONSTRAINT weather_userprofile__location_id_abc97051_fk_weather_l FOREIGN KEY (location_id) REFERENCES public.weather_location(id) DEFERRABLE INITIALLY DEFERRED;


--
-- Name: weather_userprofile_user_permissions weather_userprofile__permission_id_29e58481_fk_auth_perm; Type: FK CONSTRAINT; Schema: public; Owner: postgres
--

ALTER TABLE ONLY public.weather_userprofile_user_permissions
    ADD CONSTRAINT weather_userprofile__permission_id_29e58481_fk_auth_perm FOREIGN KEY (permission_id) REFERENCES public.auth_permission(id) DEFERRABLE INITIALLY DEFERRED;


--
-- Name: weather_userprofile_user_permissions weather_userprofile__userprofile_id_2b3e31f2_fk_weather_u; Type: FK CONSTRAINT; Schema: public; Owner: postgres
--

ALTER TABLE ONLY public.weather_userprofile_user_permissions
    ADD CONSTRAINT weather_userprofile__userprofile_id_2b3e31f2_fk_weather_u FOREIGN KEY (userprofile_id) REFERENCES public.weather_userprofile(id) DEFERRABLE INITIALLY DEFERRED;


--
-- Name: weather_userprofile_favorite_locations weather_userprofile__userprofile_id_87ef1822_fk_weather_u; Type: FK CONSTRAINT; Schema: public; Owner: postgres
--

ALTER TABLE ONLY public.weather_userprofile_favorite_locations
    ADD CONSTRAINT weather_userprofile__userprofile_id_87ef1822_fk_weather_u FOREIGN KEY (userprofile_id) REFERENCES public.weather_userprofile(id) DEFERRABLE INITIALLY DEFERRED;


--
-- Name: weather_userprofile_groups weather_userprofile__userprofile_id_8adbeff6_fk_weather_u; Type: FK CONSTRAINT; Schema: public; Owner: postgres
--

ALTER TABLE ONLY public.weather_userprofile_groups
    ADD CONSTRAINT weather_userprofile__userprofile_id_8adbeff6_fk_weather_u FOREIGN KEY (userprofile_id) REFERENCES public.weather_userprofile(id) DEFERRABLE INITIALLY DEFERRED;


--
-- Name: weather_userprofile_groups weather_userprofile_groups_group_id_73ef5c7b_fk_auth_group_id; Type: FK CONSTRAINT; Schema: public; Owner: postgres
--

ALTER TABLE ONLY public.weather_userprofile_groups
    ADD CONSTRAINT weather_userprofile_groups_group_id_73ef5c7b_fk_auth_group_id FOREIGN KEY (group_id) REFERENCES public.auth_group(id) DEFERRABLE INITIALLY DEFERRED;


--
-- Name: weather_weatheralert weather_weatheralert_location_id_2052f040_fk_weather_l; Type: FK CONSTRAINT; Schema: public; Owner: postgres
--

ALTER TABLE ONLY public.weather_weatheralert
    ADD CONSTRAINT weather_weatheralert_location_id_2052f040_fk_weather_l FOREIGN KEY (location_id) REFERENCES public.weather_location(id) DEFERRABLE INITIALLY DEFERRED;


--
-- PostgreSQL database dump complete
--

